,0,1,2
0,-0.0075517,-0.078886,-0.00032265
1,-0.0082143,-0.085411,-0.00045698
2,-0.0090716,-0.09188,-0.00044578
3,-0.0097305,-0.098572,-0.00018832
4,-0.010363,-0.10536,-7.2643e-05
5,-0.011015,-0.11244,-5.0255e-05
6,-0.0117,-0.11955,-0.00014354
7,-0.012583,-0.12636,-0.00013981
8,-0.013178,-0.1333,-8.7569e-05
9,-0.013815,-0.14035,-0.00014727
10,-0.014691,-0.14729,-0.00021817
11,-0.01532,-0.15392,-0.0002928
12,-0.016083,-0.1605,-0.00032638
13,-0.016667,-0.16714,-0.00034877
14,-0.017251,-0.17338,-0.00050549
15,-0.017955,-0.17942,-0.00043832
16,-0.018505,-0.18531,-0.0003413
17,-0.019284,-0.19081,-0.00030026
18,-0.019629,-0.19616,-5.3986e-05
19,-0.020332,-0.20136,-0.00035623
20,-0.021332,-0.20606,-0.00068832
21,-0.021467,-0.21031,-0.00056146
22,-0.021923,-0.21434,-0.00040474
23,-0.022522,-0.21801,-0.00031892
24,-0.022638,-0.22127,-0.00040474
25,-0.02311,-0.22436,-0.00047563
26,-0.023514,-0.22737,-0.00050922
27,-0.023709,-0.22998,-0.00058384
28,-0.024009,-0.23235,-0.00067713
29,-0.024072,-0.23466,-0.00063608
30,-0.024353,-0.2368,-0.00072564
31,-0.024645,-0.2387,-0.00074429
32,-0.024783,-0.24037,-0.00044205
33,-0.025278,-0.2422,-0.00049056
34,-0.025465,-0.24383,-0.00037862
35,-0.025457,-0.24519,-0.00021817
36,-0.025749,-0.24671,-0.00034504
37,-0.025884,-0.24807,-0.00023682
38,-0.026083,-0.24929,-0.00027787
39,-0.026307,-0.25054,-0.00034504
40,-0.026401,-0.25171,-0.00042339
41,-0.026689,-0.25261,-0.00041593
42,-0.026786,-0.25361,-0.00026294
43,-0.027,-0.25467,-0.00036369
44,-0.027194,-0.25581,-0.00039354
45,-0.027217,-0.25693,-0.00037862
46,-0.027546,-0.25779,-0.00044205
47,-0.027775,-0.2589,-0.00037116
48,-0.027954,-0.25989,-0.00023309
49,-0.028044,-0.26083,-0.00025175
50,-0.028044,-0.26171,-0.00017339
51,-0.028407,-0.26236,-0.00012488
52,-0.028628,-0.26309,-0.00036369
53,-0.028463,-0.2635,-0.00025548
54,-0.028587,-0.26382,-0.00011742
55,-0.02874,-0.26387,-0.00024056
56,-0.02877,-0.26376,-0.00015473
57,-0.028864,-0.26371,-5.3986e-05
58,-0.0288,-0.26328,-0.00020324
59,-0.028834,-0.26282,-0.00034504
60,-0.028804,-0.26212,-0.00019951
61,-0.028812,-0.2614,-0.00016966
62,-0.028748,-0.26055,-0.00017712
63,-0.028542,-0.25901,-7.2643e-05
64,-0.028535,-0.25756,-0.00011742
65,-0.028254,-0.25574,-5.3986e-05
66,-0.028007,-0.2534,-0.00015473
67,-0.027969,-0.25108,-0.00013981
68,-0.027655,-0.24852,-2.0404e-05
69,-0.027295,-0.24587,-0.00013981
70,-0.027,-0.24295,-0.00012115
71,-0.026618,-0.23992,-0.0002928
72,-0.026341,-0.2368,-0.00024802
73,-0.025955,-0.23316,-8.7569e-05
74,-0.025356,-0.22944,-0.00012861
75,-0.024982,-0.22565,4.303e-05
76,-0.024608,-0.22142,-2.0404e-05
77,-0.024106,-0.21705,-0.00011742
78,-0.023653,-0.21248,-1.2941e-05
79,-0.023144,-0.20761,5.716e-06
80,-0.022462,-0.20256,-0.00014354
81,-0.021822,-0.19709,-0.00011742
82,-0.021422,-0.19135,2.0642e-05
83,-0.020677,-0.18549,-0.00012861
84,-0.019906,-0.17958,-7.6375e-05
85,-0.01943,-0.17354,-2.0404e-05
86,-0.018723,-0.16718,-3.5329e-05
87,-0.017978,-0.16073,7.2881e-05
88,-0.017364,-0.15433,-0.00011369
89,-0.016753,-0.1478,-5.0255e-05
90,-0.0159,-0.1411,4.303e-05
91,-0.01529,-0.13451,-7.2643e-05
92,-0.014803,-0.12789,1.691e-05
93,-0.013845,-0.12137,-1.6672e-05
94,-0.013287,-0.11478,-9.13e-05
95,-0.012759,-0.10803,-0.00015473
96,-0.01192,-0.10174,-0.00016966
97,-0.011232,-0.095486,-0.00010623
98,-0.01049,-0.08917,-0.00013608
99,-0.010011,-0.082933,5.716e-06
100,-0.0092775,-0.07667,0.00019229
101,-0.0085213,-0.070538,8.0344e-05
102,-0.0081282,-0.064432,4.303e-05
103,-0.0075442,-0.058434,0.00015497
104,-0.0069602,-0.052556,-6.1449e-05
105,-0.0062826,-0.046779,-6.8912e-05
106,-0.0056799,-0.041181,4.6761e-05
107,-0.0050959,-0.035766,-9.5032e-05
108,-0.0046579,-0.030318,-5.4782e-06
109,-0.0042011,-0.024858,-9.8763e-05
110,-0.0035423,-0.019645,-0.00019951
111,-0.0032278,-0.014623,-1.6672e-05
112,-0.0025914,-0.0094509,6.5418e-05
113,-0.0020448,-0.0041034,5.4224e-05
114,-0.0018202,0.0010199,0.00012139
115,-0.001225,0.0061806,6.915e-05
116,-0.00075329,0.011513,3.9299e-05
117,-0.0002479,0.016864,0.00026691
118,0.00030241,0.022417,-6.1449e-05
119,0.00080031,0.027724,-0.00030026
120,0.0014629,0.033012,-9.8763e-05
121,0.0019758,0.038793,-9.8763e-05
122,0.0024962,0.044435,-8.3838e-05
123,0.0030278,0.049955,-9.5032e-05
124,0.0035257,0.055653,-0.00010623
125,0.0041433,0.061468,-0.00019578
126,0.0046113,0.067518,-0.00014727
127,0.0052552,0.073755,-1.6672e-05
128,0.0060938,0.080194,2.8104e-05
129,0.0066965,0.08664,0.00015497
130,0.0074003,0.093187,0.00010646
131,0.0081078,0.099981,-4.2792e-05
132,0.008733,0.10679,5.716e-06
133,0.0094967,0.11385,2.8104e-05
134,0.010167,0.12102,5.7956e-05
135,0.010848,0.12816,3.9299e-05
136,0.011582,0.13518,-0.00012861
137,0.012398,0.14215,1.9846e-06
138,0.013147,0.14928,-1.7468e-06
139,0.013772,0.15617,9.4474e-06
140,0.014573,0.16283,0.00012512
141,0.015176,0.16934,-0.00010996
142,0.015838,0.1757,-0.00012115
143,0.016535,0.18177,-0.00013981
144,0.017089,0.18762,-0.00022936
145,0.017793,0.19306,-5.3986e-05
146,0.018223,0.19818,2.4373e-05
147,0.018725,0.20313,5.4224e-05
148,0.019451,0.20747,0.00026318
149,0.019949,0.21161,0.00036766
150,0.020256,0.21557,0.00015124
151,0.020686,0.21921,0.00011766
152,0.021132,0.22233,0.00019975
153,0.021274,0.22519,0.00021841
154,0.02169,0.22818,0.00030796
155,0.022053,0.23075,0.00027811
156,0.022247,0.23328,0.00023333
157,0.022689,0.23569,0.0003602
158,0.022809,0.23792,0.00037139
159,0.023056,0.23989,0.00022587
160,0.023438,0.24167,0.00026318
161,0.023561,0.24371,0.00013258
162,0.023846,0.2453,-5.4782e-06
163,0.024033,0.24684,0.00010273
164,0.024265,0.24866,8.4075e-05
165,0.024643,0.25018,4.6761e-05
166,0.024703,0.25142,0.00013258
167,0.024831,0.2526,0.00020348
168,0.025025,0.25377,7.2881e-05
169,0.025179,0.25485,9.527e-05
170,0.025568,0.25582,0.00020721
171,0.025658,0.25667,0.0001102
172,0.025654,0.25766,3.9299e-05
173,0.025901,0.25895,1.691e-05
174,0.026148,0.26008,5.7956e-05
175,0.026347,0.26112,7.6613e-05
176,0.026407,0.26211,6.5418e-05
177,0.02656,0.26316,0.0001699
178,0.026762,0.26421,0.00015497
179,0.026807,0.26486,9.4474e-06
180,0.026961,0.26554,5.0493e-05
181,0.027256,0.26604,2.4373e-05
182,0.027223,0.26638,-2.4135e-05
183,0.027253,0.26675,4.303e-05
184,0.027507,0.26675,-6.5181e-05
185,0.027541,0.26671,-2.0404e-05
186,0.027515,0.2664,5.4224e-05
187,0.027339,0.26579,-6.8912e-05
188,0.027365,0.26523,-1.6672e-05
189,0.027507,0.26445,2.0642e-05
190,0.027421,0.26332,-4.6524e-05
191,0.027342,0.26187,6.915e-05
192,0.027208,0.26019,0.00014751
193,0.027009,0.25824,1.691e-05
194,0.026755,0.25603,1.3179e-05
195,0.026485,0.25363,0.00012512
196,0.026126,0.25103,7.2881e-05
197,0.025849,0.2482,-6.5181e-05
198,0.025692,0.24534,-0.00017339
199,0.025276,0.2421,-0.00025175
200,0.024771,0.23856,-9.5032e-05
201,0.024392,0.23494,-0.00013235
202,0.023977,0.23101,-0.00037489
203,0.023588,0.22701,-9.8763e-05
204,0.023142,0.22257,-4.6524e-05
205,0.022442,0.21778,-0.00024056
206,0.021933,0.21277,-0.00022936
207,0.021476,0.2076,-0.0003413
208,0.020855,0.20234,-0.00026294
209,0.0202,0.19664,-0.00024802
210,0.019522,0.19096,-0.00019578
211,0.018972,0.18509,-0.00017712
212,0.018317,0.17878,-0.0003413
213,0.017766,0.1726,-0.00027414
214,0.017055,0.16626,-0.00025548
215,0.016273,0.15967,-0.00018832
216,0.015696,0.1533,-0.00021071
217,0.014876,0.14667,-0.00021817
218,0.014206,0.13995,-7.2643e-05
219,0.013525,0.13358,-0.00014727
220,0.012832,0.12692,-0.00030399
221,0.012177,0.12022,-0.00034504
222,0.01144,0.11379,-0.00023309
223,0.010886,0.10741,-0.00022563
224,0.010171,0.10096,-0.00020697
225,0.0094892,0.094592,-0.00014727
226,0.0088416,0.088329,-0.000151
227,0.0082538,0.081987,-0.00010249
228,0.0077222,0.075803,-0.00017712
229,0.0070858,0.069656,-0.00018832
230,0.0063558,0.063381,-0.00021071
231,0.0055659,0.057514,-0.00038235
232,0.0050456,0.051726,-0.00027414
233,0.004469,0.045751,-0.00029653
234,0.0039487,0.040082,-0.00044578
235,0.0034433,0.034461,-0.00032638
236,0.0027432,0.029006,-0.00033384
237,0.0023277,0.023524,-0.00024429
238,0.002017,0.018198,-0.00012488
239,0.0013656,0.013157,-0.00010623
240,0.0007741,0.0075371,-5.7718e-05
241,0.00036605,0.0021223,-0.00023682
242,-0.00029657,-0.0031206,-0.00030026
243,-0.00079821,-0.0085839,-0.00033384
244,-0.001195,-0.013928,-0.00037862
245,-0.0018015,-0.019473,-0.00031518
246,-0.0024379,-0.024914,-0.00030399
247,-0.0029957,-0.030538,-0.00017712
248,-0.0034487,-0.036293,-0.00022563
249,-0.003984,-0.041719,-0.00038608
250,-0.0045006,-0.047493,-3.1598e-05
251,-0.0051558,-0.053483,0.0001102
252,-0.0057547,-0.05938,-0.00022936
253,-0.0062788,-0.065433,-2.7867e-05
254,-0.0069564,-0.071442,2.0642e-05
255,-0.0074805,-0.077758,-0.00024056
256,-0.0080908,-0.084305,-0.00031145
257,-0.0086935,-0.090758,-0.0003413
258,-0.0094272,-0.097586,-0.0002219
259,-0.010277,-0.10457,-0.00037489
260,-0.010928,-0.11167,-0.0003413
261,-0.011733,-0.11887,-0.00012861
262,-0.0124,-0.12601,-0.00025548
263,-0.013066,-0.13331,-0.00023682
264,-0.013964,-0.14057,-5.7718e-05
265,-0.014792,-0.14786,-3.9061e-05
266,-0.015447,-0.15526,-0.00022936
267,-0.016098,-0.16209,-0.00027787
268,-0.016959,-0.16868,-0.00011742
269,-0.017566,-0.17532,-0.00019578
270,-0.01818,-0.18165,-0.0002219
271,-0.018906,-0.18766,-0.00010623
272,-0.019438,-0.19322,-0.00014727
273,-0.020108,-0.19866,-0.00012115
274,-0.020594,-0.20372,-0.00027414
275,-0.021242,-0.20865,-0.00050175
276,-0.021946,-0.21321,-0.00058758
277,-0.022283,-0.2171,-0.00042339
278,-0.022672,-0.22121,-0.00035623
279,-0.023091,-0.22459,-0.00058758
280,-0.023556,-0.22788,-0.00033757
281,-0.023859,-0.23111,-0.00037862
282,-0.02408,-0.23384,-0.00055773
283,-0.024428,-0.23663,-0.00033384
284,-0.024739,-0.23891,-0.00042713
285,-0.024989,-0.24137,-0.00052414
286,-0.025229,-0.24356,-0.00045698
287,-0.025439,-0.2455,-0.00032638
288,-0.025607,-0.2477,-0.0004719
289,-0.02594,-0.24952,-0.0006137
290,-0.026303,-0.25138,-0.00051668
291,-0.026431,-0.25309,-0.00047937
292,-0.02664,-0.25468,-0.00033011
293,-0.02682,-0.25605,-0.00033384
294,-0.026914,-0.25703,-0.00030026
295,-0.027269,-0.2583,-0.00024802
296,-0.027415,-0.25931,-0.00030772
297,-0.027464,-0.26021,-0.00025548
298,-0.027606,-0.26137,-0.00028533
299,-0.027782,-0.26229,-0.00033757
300,-0.028097,-0.2634,-0.00030772
301,-0.028168,-0.26448,-0.00031892
302,-0.02834,-0.26542,-0.00039354
303,-0.028696,-0.2666,-0.00031145
304,-0.028827,-0.26771,-0.00023309
305,-0.028901,-0.26856,-0.00025175
306,-0.029077,-0.26924,-0.00024802
307,-0.029298,-0.26989,-0.00023682
308,-0.029362,-0.27047,-0.00020324
309,-0.029437,-0.27093,-0.00017712
310,-0.029699,-0.27118,-0.00021444
311,-0.029684,-0.27141,-0.00038235
312,-0.029639,-0.27145,-0.0002816
313,-0.02977,-0.27133,-0.00020697
314,-0.02968,-0.27112,-0.00026668
315,-0.029822,-0.27056,-0.00012115
316,-0.029879,-0.26992,-0.00016966
317,-0.029538,-0.26904,-0.00020324
318,-0.029422,-0.26785,-0.00021444
319,-0.029313,-0.26642,-0.00027041
320,-0.029291,-0.26455,-0.000151
321,-0.029134,-0.2627,-9.13e-05
322,-0.028823,-0.26047,-0.00013981
323,-0.028696,-0.25771,-0.00019205
324,-0.028344,-0.25525,-5.0255e-05
325,-0.028074,-0.25253,-6.8912e-05
326,-0.027718,-0.24928,-0.00028533
327,-0.027348,-0.24601,-0.00012488
328,-0.027041,-0.24256,-7.2643e-05
329,-0.026554,-0.23886,-0.00011369
330,-0.026281,-0.23476,1.691e-05
331,-0.025626,-0.2304,-6.1449e-05
332,-0.025042,-0.22584,-1.2941e-05
333,-0.024731,-0.2211,8.4075e-05
334,-0.024027,-0.21615,-6.1449e-05
335,-0.023365,-0.2108,-0.00010996
336,-0.022807,-0.20532,-0.00014727
337,-0.022328,-0.19975,-0.00016593
338,-0.021631,-0.19377,-5.4782e-06
339,-0.020987,-0.1877,1.3179e-05
340,-0.020475,-0.18178,4.6761e-05
341,-0.01964,-0.17543,3.9299e-05
342,-0.019108,-0.16863,-7.6375e-05
343,-0.018457,-0.16217,0.00012512
344,-0.017678,-0.15569,0.00012885
345,-0.017068,-0.14892,-9.8763e-05
346,-0.016211,-0.14226,3.1836e-05
347,-0.0156,-0.13543,-7.2643e-05
348,-0.014923,-0.12864,-0.00022563
349,-0.014069,-0.12201,5.7956e-05
350,-0.013392,-0.11533,2.8104e-05
351,-0.012763,-0.10876,-0.00017712
352,-0.0121,-0.10214,-0.00012488
353,-0.011423,-0.09565,9.9001e-05
354,-0.010809,-0.089275,-5.4782e-06
355,-0.010079,-0.082855,-0.00018459
356,-0.0094721,-0.076611,0.00017363
357,-0.0088881,-0.070546,0.0001699
358,-0.008087,-0.064324,-6.1449e-05
359,-0.007488,-0.058199,-5.4782e-06
360,-0.0070313,-0.052433,-1.6672e-05
361,-0.0063425,-0.046555,-1.6672e-05
362,-0.0057248,-0.040904,-3.1598e-05
363,-0.0052119,-0.03534,-8.7569e-05
364,-0.0046504,-0.029634,1.3179e-05
365,-0.0042348,-0.024331,-2.4135e-05
366,-0.0037295,-0.018909,-0.00018085
367,-0.0031417,-0.013535,-7.2643e-05
368,-0.0026738,-0.0083186,-8.3838e-05
369,-0.0020373,-0.0028254,-5.0255e-05
370,-0.0014795,0.0024623,-0.00010623
371,-0.0010977,0.007922,-0.00012861
372,-0.00046878,0.013438,0.00013631
373,-0.00015431,0.018781,-5.3986e-05
374,0.00024251,0.024346,-5.4782e-06
375,0.0010137,0.029787,-4.6524e-05
376,0.0014629,0.035265,-0.00021444
377,0.0020694,0.040971,1.3179e-05
378,0.0026946,0.046689,-0.00014354
379,0.0034059,0.052567,-0.00013235
380,0.0040722,0.058587,-5.3986e-05
381,0.0043754,0.064547,-4.6524e-05
382,0.0052365,0.070638,-3.5329e-05
383,0.0059141,0.076965,-0.00021071
384,0.0062473,0.083344,-7.6375e-05
385,0.0070596,0.089693,-9.13e-05
386,0.0077896,0.096255,-0.00016966
387,0.0082838,0.10325,0.00010273
388,0.008879,0.11031,1.9846e-06
389,0.0098411,0.11729,-8.0106e-05
390,0.010672,0.12453,9.9001e-05
391,0.011245,0.13182,2.8104e-05
392,0.012042,0.139,0.00013258
393,0.012888,0.1464,4.6761e-05
394,0.013682,0.15361,-0.00012861
395,0.014202,0.1604,-9.13e-05
396,0.014929,0.16705,-0.00024429
397,0.015782,0.17346,-0.00014727
398,0.016314,0.17973,1.9846e-06
399,0.016988,0.18569,9.4474e-06
400,0.017523,0.19124,-1.6672e-05
401,0.018025,0.19671,3.1836e-05
402,0.018552,0.20174,-2.4135e-05
403,0.019122,0.20653,-0.00011742
404,0.019848,0.21116,0.00019975
405,0.020233,0.21507,0.00028557
406,0.020604,0.2189,0.00024079
407,0.021091,0.22244,0.00019602
408,0.02148,0.22566,9.1538e-05
409,0.021791,0.22884,0.00014378
410,0.022,0.23162,0.00020721
411,0.022341,0.23433,0.00016243
412,0.022652,0.23676,0.00013258
413,0.023049,0.23904,0.00029677
414,0.023535,0.24136,0.00022214
415,0.023539,0.24331,0.00016243
416,0.023764,0.24536,0.00020348
417,0.024104,0.24745,0.00016243
418,0.024172,0.24918,0.00017736
419,0.024486,0.25087,0.00015124
420,0.024602,0.25221,0.00014751
421,0.024759,0.25352,6.915e-05
422,0.025003,0.25476,0.00019602
423,0.025201,0.25569,0.00019602
424,0.025388,0.25672,6.915e-05
425,0.025343,0.2576,0.00012512
426,0.025628,0.25857,3.5567e-05
427,0.025867,0.25952,3.9299e-05
428,0.026002,0.26045,6.915e-05
429,0.02632,0.26156,0.00010646
430,0.026369,0.26252,6.1687e-05
431,0.026485,0.26346,3.9299e-05
432,0.026732,0.26438,0.00020348
433,0.026875,0.26534,0.00015497
434,0.026972,0.26609,3.5567e-05
435,0.02711,0.2667,5.4224e-05
436,0.027376,0.26732,8.0344e-05
437,0.02744,0.26776,3.9299e-05
438,0.027455,0.26838,-3.1598e-05
439,0.027582,0.26859,-5.7718e-05
440,0.027657,0.2685,-0.00010249
441,0.027799,0.26849,5.716e-06
442,0.027814,0.26817,0.0001587
443,0.027754,0.26778,-8.3838e-05
444,0.027777,0.26692,-8.0106e-05
445,0.027706,0.26589,5.4224e-05
446,0.027526,0.26483,-7.6375e-05
447,0.0275,0.26317,-9.5032e-05
448,0.027331,0.2615,-0.00013981
449,0.026927,0.25958,1.9846e-06
450,0.026826,0.25721,-6.1449e-05
451,0.026571,0.25496,-0.00026668
452,0.026291,0.25238,-3.5329e-05
453,0.026085,0.24927,2.0642e-05
454,0.025587,0.24626,-0.0002219
455,0.025276,0.24306,-0.00020324
456,0.02489,0.23924,-6.5181e-05
457,0.024486,0.23545,-0.00023309
458,0.0241,0.23141,-0.00019951
459,0.02355,0.2271,-0.00012115
460,0.02315,0.22263,-0.00021817
461,0.022491,0.21759,-0.00023309
462,0.021813,0.21276,-0.00027041
463,0.021566,0.20761,-0.00024056
464,0.021031,0.20214,-0.00020324
465,0.02026,0.19673,-9.8763e-05
466,0.019653,0.1907,-0.00016593
467,0.01902,0.18481,-0.00030399
468,0.018436,0.17883,-0.00018832
469,0.01774,0.17258,-0.00016593
470,0.016928,0.16627,-0.00021817
471,0.016261,0.1598,-0.00027041
472,0.015655,0.15332,-0.00025175
473,0.014966,0.14676,-0.00019578
474,0.014187,0.14016,-0.00020697
475,0.013529,0.13359,-0.00027414
476,0.012915,0.12708,-0.00030399
477,0.012233,0.12044,-0.00022936
478,0.011496,0.11389,-0.00031145
479,0.010863,0.10738,-0.00027787
480,0.010227,0.10083,-4.2792e-05
481,0.0094293,0.09439,-0.00020324
482,0.0089015,0.08791,-0.00033757
483,0.008295,0.081707,-0.00010249
484,0.0075538,0.07565,-0.00024056
485,0.0070484,0.069383,-0.00044578
486,0.006397,0.063288,-0.00034877
487,0.0057456,0.057301,-0.00027787
488,0.0051803,0.051476,-0.00010996
489,0.0045477,0.045822,-0.00024429
490,0.004046,0.040142,-0.00038608
491,0.0034208,0.034532,-0.00023309
492,0.0028593,0.028961,-0.00038608
493,0.0025598,0.023609,-0.00024056
494,0.0019533,0.018326,-6.8912e-05
495,0.0013806,0.013027,-0.00027041
496,0.00090887,0.0076865,-0.00021817
497,0.00028369,0.0023278,-0.00012861
498,-0.00028908,-0.0030085,-0.00011742
499,-0.00083565,-0.0083859,-7.6375e-05
500,-0.0011127,-0.013659,-5.7718e-05
501,-0.0017191,-0.018991,-0.00022563
502,-0.0024005,-0.024481,-0.00027414
503,-0.0027337,-0.03,-0.000151
504,-0.0034112,-0.035463,-0.00027787
505,-0.0039129,-0.041188,-0.0002928
506,-0.0044969,-0.046954,-0.00016966
507,-0.0051595,-0.052765,-0.00022563
508,-0.0055152,-0.058666,-0.00024056
509,-0.0062414,-0.064507,-0.00017712
510,-0.0068965,-0.070755,-0.00020697
511,-0.0074169,-0.07688,-0.00025921
512,-0.0081469,-0.08318,-0.00032638
513,-0.0087571,-0.089701,-0.0002928
514,-0.0094946,-0.096285,-0.00021817
515,-0.010195,-0.1034,-0.00017712
516,-0.010854,-0.11034,-0.00014727
517,-0.01158,-0.1174,-0.00019578
518,-0.012164,-0.12476,-0.00013608
519,-0.013092,-0.13218,-0.00026668
520,-0.01389,-0.1394,-0.0003413
521,-0.014481,-0.14658,-0.00021444
522,-0.015297,-0.15381,-0.00031145
523,-0.015919,-0.16044,-0.0003413
524,-0.016596,-0.16719,-0.00030772
525,-0.017274,-0.17372,-0.00021071
526,-0.017955,-0.17975,-0.00014354
527,-0.018768,-0.18573,-0.00025548
528,-0.019191,-0.19133,-0.00031145
529,-0.019602,-0.19662,-0.00021444
530,-0.020456,-0.20169,-0.00014727
531,-0.021089,-0.20667,-0.00033011
532,-0.021527,-0.21133,-0.00046071
533,-0.022111,-0.21546,-0.00052041
534,-0.022477,-0.21911,-0.00049429
535,-0.022739,-0.22269,-0.00044205
536,-0.02311,-0.22611,-0.00056892
537,-0.023649,-0.22905,-0.00056892
538,-0.024087,-0.23196,-0.00049429
539,-0.024248,-0.23462,-0.00065474
540,-0.02451,-0.2372,-0.00064728
541,-0.02463,-0.23948,-0.00042713
542,-0.024956,-0.2416,-0.0004831
543,-0.02548,-0.24392,-0.00041966
544,-0.025528,-0.24591,-0.00041593
545,-0.025708,-0.24779,-0.0004719
546,-0.026019,-0.24943,-0.00035996
547,-0.026071,-0.25074,-0.00049429
548,-0.026337,-0.25223,-0.00045698
549,-0.026741,-0.25364,-0.0003413
550,-0.026831,-0.25466,-0.00024802
551,-0.026966,-0.25564,-0.00033757
552,-0.027131,-0.25671,-0.00043086
553,-0.027101,-0.25756,-0.00021444
554,-0.027344,-0.25843,-0.00024802
555,-0.027557,-0.25938,-0.00027041
556,-0.027602,-0.2604,-0.0003413
557,-0.027872,-0.26153,-0.00039727
558,-0.02804,-0.26238,-0.0003525
559,-0.028145,-0.26322,-0.00035996
560,-0.028448,-0.2641,-0.00024056
561,-0.028594,-0.26491,-0.00033757
562,-0.028639,-0.26574,-0.00033757
563,-0.028842,-0.26643,-0.00014727
564,-0.029047,-0.26702,-0.00015473
565,-0.029141,-0.26754,-0.00025921
566,-0.02916,-0.26806,-0.00033757
567,-0.02928,-0.26837,-0.00026294
568,-0.029343,-0.2684,-0.0001622
569,-0.029377,-0.26826,-0.00018459
570,-0.029493,-0.26799,-0.00019205
571,-0.029441,-0.26753,-0.00010996
572,-0.029328,-0.26674,1.3179e-05
573,-0.029265,-0.26585,-3.1598e-05
574,-0.029261,-0.26477,-0.00020324
575,-0.029096,-0.26321,-0.00016593
576,-0.028883,-0.26139,-8.7569e-05
577,-0.028808,-0.25959,-8.0106e-05
578,-0.028531,-0.25759,-0.00012488
579,-0.028273,-0.25518,-0.00017712
580,-0.028097,-0.25256,-0.00022563
581,-0.02776,-0.24982,-0.00025921
582,-0.027408,-0.2468,-0.00017712
583,-0.027037,-0.24337,-0.00012115
584,-0.026562,-0.23973,-0.00010996
585,-0.026154,-0.23597,-0.00018085
586,-0.025746,-0.23191,-9.13e-05
587,-0.025225,-0.2276,-0.00012488
588,-0.024761,-0.22299,-0.00015847
589,-0.024214,-0.21834,5.7956e-05
590,-0.023705,-0.21349,-8.3838e-05
591,-0.023076,-0.20821,0.0001102
592,-0.022474,-0.20295,5.7956e-05
593,-0.022069,-0.19748,-0.00013981
594,-0.021317,-0.19173,5.7956e-05
595,-0.020636,-0.18583,-0.00025175
596,-0.020096,-0.17968,-5.0255e-05
597,-0.019535,-0.17362,9.527e-05
598,-0.018775,-0.16727,-0.00013235
599,-0.01797,-0.16066,-1.2941e-05
600,-0.017472,-0.15423,-9.5032e-05
601,-0.016679,-0.14773,-0.00011369
602,-0.016005,-0.14126,-3.9061e-05
603,-0.015499,-0.13474,-2.4135e-05
604,-0.014646,-0.12811,-3.9061e-05
605,-0.013946,-0.12142,-1.7468e-06
606,-0.013388,-0.1147,-4.6524e-05
607,-0.012512,-0.10799,-6.8912e-05
608,-0.011782,-0.10141,2.0642e-05
609,-0.011314,-0.094854,-5.3986e-05
610,-0.010591,-0.088105,-6.1449e-05
611,-0.0098652,-0.08179,-1.7468e-06
612,-0.0091502,-0.075594,6.915e-05
613,-0.008671,-0.069339,-6.1449e-05
614,-0.0081731,-0.063445,-0.00014727
615,-0.0073158,-0.05741,3.1836e-05
616,-0.0069153,-0.051517,-0.00010249
617,-0.0063612,-0.045934,-0.00022936
618,-0.0055863,-0.040295,-5.7718e-05
619,-0.0051932,-0.034727,-7.6375e-05
620,-0.0046803,-0.029249,-9.8763e-05
621,-0.0040402,-0.02398,-6.8912e-05
622,-0.0034187,-0.018644,-0.00025175
623,-0.0030032,-0.013296,-0.00019578
624,-0.0026139,-0.0082439,-6.1449e-05
625,-0.0020898,-0.0027581,-8.7569e-05
626,-0.0015544,0.0025333,-8.7569e-05
627,-0.00097042,0.0074399,-6.1449e-05
628,-0.00050996,0.012739,2.4373e-05
629,-0.00012062,0.017978,4.303e-05
630,0.00032113,0.02337,4.303e-05
631,0.00096502,0.028662,4.303e-05
632,0.0015715,0.033908,-2.7867e-05
633,0.0019758,0.03954,-0.00011369
634,0.0025373,0.04519,-0.00010623
635,0.0031213,0.050792,9.4474e-06
636,0.0036567,0.056446,5.4224e-05
637,0.0043567,0.062395,5.4224e-05
638,0.0050905,0.068366,1.691e-05
639,0.0055547,0.074484,-8.3838e-05
640,0.0060825,0.080807,-2.7867e-05
641,0.0069436,0.087339,-6.5181e-05
642,0.0074752,0.093901,-8.3838e-05
643,0.0080704,0.10046,-5.3986e-05
644,0.0089726,0.10748,-0.00015473
645,0.0095379,0.11442,-9.13e-05
646,0.010313,0.12149,-0.00016593
647,0.011174,0.12859,-4.2792e-05
648,0.011784,0.13557,4.303e-05
649,0.012551,0.14273,1.9846e-06
650,0.013259,0.14943,9.527e-05
651,0.013944,0.15616,-0.000151
652,0.014693,0.16286,-9.13e-05
653,0.015296,0.16895,-1.7468e-06
654,0.015951,0.17505,-1.7468e-06
655,0.016583,0.18082,-5.4782e-06
656,0.017186,0.18631,-0.00014354
657,0.017759,0.19179,-6.5181e-05
658,0.018148,0.19669,-0.00013981
659,0.018803,0.2016,-2.7867e-05
660,0.019623,0.20642,0.00015124
661,0.020061,0.21062,0.00024453
662,0.020357,0.21425,0.00024453
663,0.020675,0.21764,0.00010273
664,0.021027,0.22091,0.00028557
665,0.021465,0.22383,0.0002296
666,0.021562,0.22669,0.00019229
667,0.021869,0.22912,0.00029303
668,0.022367,0.23149,0.00024453
669,0.02242,0.23394,0.00037512
670,0.022708,0.23603,0.00033035
671,0.023011,0.23819,0.00025572
672,0.023206,0.24003,8.4075e-05
673,0.023389,0.24161,0.00010646
674,0.023588,0.24313,0.00032288
675,0.023966,0.24462,0.00016243
676,0.024026,0.24603,0.00016243
677,0.024209,0.2472,0.00024079
678,0.024434,0.24832,0.00019602
679,0.024516,0.24946,0.00014751
680,0.024827,0.25046,6.1687e-05
681,0.024842,0.25117,2.0642e-05
682,0.024962,0.2521,2.4373e-05
683,0.025197,0.25322,2.8104e-05
684,0.025418,0.25417,3.9299e-05
685,0.025658,0.25515,4.6761e-05
686,0.025486,0.25592,-8.3838e-05
687,0.025673,0.25681,3.1836e-05
688,0.026002,0.25767,0.00024826
689,0.026115,0.25841,0.00012139
690,0.026332,0.25931,7.2881e-05
691,0.02638,0.25986,9.4474e-06
692,0.026515,0.26054,-8.3838e-05
693,0.02674,0.26115,5.0493e-05
694,0.026815,0.26152,6.1687e-05
695,0.026919,0.26193,-5.4782e-06
696,0.027013,0.26204,-5.3986e-05
697,0.027035,0.26189,3.1836e-05
698,0.027017,0.2616,0.00014005
699,0.026878,0.26117,5.716e-06
700,0.026916,0.2603,-9.5032e-05
701,0.026968,0.25931,-2.7867e-05
702,0.026717,0.25826,2.0642e-05
703,0.026609,0.25692,-5.3986e-05
704,0.026583,0.25511,-1.6672e-05
705,0.026474,0.25315,6.5418e-05
706,0.026167,0.25132,-9.13e-05
707,0.025856,0.2488,-0.00017339
708,0.025744,0.24623,-8.3838e-05
709,0.0254,0.24369,-0.00011369
710,0.025029,0.24062,-0.00011742
711,0.024696,0.23746,-8.3838e-05
712,0.024344,0.23401,-0.00014354
713,0.023966,0.23043,-0.00019951
714,0.023442,0.22659,-0.00017339
715,0.023004,0.22244,-0.00019951
716,0.022483,0.21823,-0.0002219
717,0.022015,0.21378,-6.8912e-05
718,0.021596,0.20921,-0.00019951
719,0.020926,0.20427,-0.00030772
720,0.020387,0.19921,-0.00014727
721,0.019859,0.19392,-0.00015847
722,0.019275,0.18814,-0.00025175
723,0.018706,0.18256,-0.00026668
724,0.018088,0.17676,-0.00021817
725,0.017501,0.1706,-0.00021071
726,0.016741,0.16443,-0.0001622
727,0.016011,0.15828,-0.00014354
728,0.015423,0.15207,-0.00015473
729,0.014794,0.1457,-0.00013608
730,0.014113,0.13933,-0.00018832
731,0.013401,0.13275,-0.00030772
732,0.012705,0.12611,-0.00025175
733,0.012009,0.1197,-0.00015473
734,0.011312,0.11307,-0.0002928
735,0.010743,0.10653,-0.00025548
736,0.010069,0.10001,-0.00023682
737,0.0092983,0.093344,-0.0002816
738,0.0088004,0.087133,-8.7569e-05
739,0.0080741,0.08096,-0.00018459
740,0.0074639,0.074719,-0.00035996
741,0.0070783,0.068606,-0.00021444
742,0.0062922,0.062645,-0.00022936
743,0.005682,0.056782,-0.00032265
744,0.0050905,0.051031,-0.00025175
745,0.0044017,0.045369,-0.00026668
746,0.0038626,0.039648,-0.00021071
747,0.0033085,0.034252,-0.0001622
748,0.0028293,0.028976,-0.00026668
749,0.0023614,0.023512,-0.00010996
750,0.0018073,0.018243,-2.4135e-05
751,0.0013806,0.013064,-0.00024056
752,0.0010324,0.0077501,-0.00028906
753,0.00039225,0.0027688,-0.00030772
754,-0.00024042,-0.0022947,-0.00037116
755,-0.00064472,-0.0076273,-0.00025548
756,-0.0011726,-0.012683,-0.00015473
757,-0.0017828,-0.01793,-0.00022936
758,-0.0022732,-0.023281,-0.00035623
759,-0.0026139,-0.028588,-0.00030026
760,-0.0031155,-0.034002,-0.00018832
761,-0.0036508,-0.039469,-0.00024056
762,-0.0041675,-0.045052,-0.00026668
763,-0.0049124,-0.05065,-0.00018459
764,-0.0055002,-0.056304,-8.3838e-05
765,-0.0059419,-0.062179,-0.00024802
766,-0.0065222,-0.0683,-0.00038981
767,-0.0071923,-0.074499,-0.00021071
768,-0.00781,-0.080826,-7.2643e-05
769,-0.0083865,-0.087324,-0.00011742
770,-0.0090341,-0.094036,-0.0003413
771,-0.0098278,-0.10092,-0.00022936
772,-0.010599,-0.1079,-0.00012488
773,-0.011333,-0.11494,-0.00031892
774,-0.0121,-0.12204,-0.00022936
775,-0.012617,-0.12937,-0.00026294
776,-0.013407,-0.13648,-0.00023309
777,-0.014417,-0.14342,-0.00019205
778,-0.014934,-0.15035,-0.00030772
779,-0.015526,-0.1571,-0.00011742
780,-0.016342,-0.16364,-0.00010249
781,-0.017034,-0.17004,-0.00017339
782,-0.017644,-0.17629,-0.0001622
783,-0.018217,-0.18213,-0.000151
784,-0.018906,-0.18794,-0.00022936
785,-0.019486,-0.1934,-0.00014727
786,-0.019947,-0.19848,-9.8763e-05
787,-0.020692,-0.20356,-0.00053534
788,-0.021425,-0.20803,-0.00057638
789,-0.021669,-0.21226,-0.00041593
790,-0.022021,-0.2164,-0.0004122
791,-0.022575,-0.21989,-0.00046444
792,-0.022885,-0.22323,-0.00043086
793,-0.02329,-0.22648,-0.00028533
794,-0.023563,-0.2292,-0.00030399
795,-0.02387,-0.23194,-0.00038981
796,-0.024241,-0.23459,-0.00052041
797,-0.024435,-0.23692,-0.00039354
798,-0.024813,-0.23926,-0.00023309
799,-0.025012,-0.24139,-0.00035623
800,-0.025169,-0.24325,-0.00055773
801,-0.025225,-0.24482,-0.00037489
802,-0.025401,-0.24642,-0.00031518
803,-0.025899,-0.24797,-0.00056892
804,-0.026079,-0.24931,-0.00024056
805,-0.026202,-0.25068,-0.00015473
806,-0.026367,-0.25187,-0.00038235
807,-0.026622,-0.25304,-0.00027414
808,-0.026753,-0.25406,-0.00030772
809,-0.026794,-0.25494,-0.00044951
810,-0.027153,-0.25581,-0.00052414
811,-0.027247,-0.25673,-0.00034877
812,-0.027299,-0.25774,-0.00033384
813,-0.027595,-0.25866,-0.00044951
814,-0.027748,-0.25963,-0.00024056
815,-0.027894,-0.26063,-0.00027414
816,-0.028044,-0.26159,-0.00021071
817,-0.028291,-0.26239,-0.00025921
818,-0.028441,-0.26319,-0.00052414
819,-0.028508,-0.26421,-0.00033011
820,-0.028752,-0.2651,-0.0002816
821,-0.028898,-0.26578,-0.00017339
822,-0.029104,-0.26625,-0.00010249
823,-0.029081,-0.26653,-0.00027414
824,-0.028958,-0.26663,-0.00012488
825,-0.029152,-0.26662,-0.00018085
826,-0.02925,-0.26619,-0.0002219
827,-0.029298,-0.26553,-0.00011742
828,-0.029186,-0.26508,-0.00021444
829,-0.029111,-0.26439,-0.00010996
830,-0.02913,-0.26329,-0.00010623
831,-0.028913,-0.26176,-0.00020697
832,-0.028774,-0.26012,-4.6524e-05
833,-0.02855,-0.2583,-0.00018085
834,-0.028336,-0.25606,-0.00030772
835,-0.02819,-0.25374,-7.6375e-05
836,-0.027969,-0.2511,-0.00023682
837,-0.027692,-0.24818,-0.00030772
838,-0.027179,-0.24509,-0.00010623
839,-0.026839,-0.24169,-0.00010623
840,-0.026416,-0.23809,3.1836e-05
841,-0.025951,-0.23455,5.716e-06
842,-0.025701,-0.2308,-9.8763e-05
843,-0.025192,-0.22645,-1.6672e-05
844,-0.02472,-0.2219,4.6761e-05
845,-0.024181,-0.21741,1.691e-05
846,-0.02366,-0.21283,-8.7569e-05
847,-0.023129,-0.20776,-4.6524e-05
848,-0.022399,-0.20242,-0.00017339
849,-0.022009,-0.19706,-0.00010996
850,-0.021317,-0.19121,0.00021841
851,-0.020527,-0.18546,0.00014378
852,-0.020126,-0.17978,0.00012139
853,-0.019449,-0.17363,-3.9061e-05
854,-0.01888,-0.16764,-9.5032e-05
855,-0.018285,-0.16152,1.691e-05
856,-0.017498,-0.15503,-0.00013235
857,-0.016851,-0.14859,2.8104e-05
858,-0.016087,-0.14213,-4.6524e-05
859,-0.015368,-0.13545,-6.1449e-05
860,-0.014773,-0.12863,7.6613e-05
861,-0.014103,-0.12187,-9.8763e-05
862,-0.013377,-0.11512,2.4373e-05
863,-0.012725,-0.1084,3.5567e-05
864,-0.0121,-0.10173,-6.5181e-05
865,-0.011381,-0.095015,-6.5181e-05
866,-0.010554,-0.08855,-3.1598e-05
867,-0.009869,-0.082298,-4.6524e-05
868,-0.009285,-0.075979,-0.00010623
869,-0.0086448,-0.069776,0.0001102
870,-0.0080533,-0.063658,9.1538e-05
871,-0.0074094,-0.057713,-1.2941e-05
872,-0.0068703,-0.051827,-2.7867e-05
873,-0.0062002,-0.046035,3.1836e-05
874,-0.0055002,-0.040456,4.303e-05
875,-0.0051782,-0.034795,-0.00018832
876,-0.0046017,-0.029238,-9.2096e-06
877,-0.0039953,-0.023887,-2.7867e-05
878,-0.0035984,-0.018659,-0.00010996
879,-0.0030107,-0.013535,3.5567e-05
880,-0.0025914,-0.008285,-5.4782e-06
881,-0.0019774,-0.002945,-9.2096e-06
882,-0.0014496,0.0022905,-1.2941e-05
883,-0.00121,0.0076193,5.4224e-05
884,-0.00044257,0.012836,-0.00013981
885,6.656e-05,0.017952,-7.2643e-05
886,0.00033984,0.02358,0.0001102
887,0.00099872,0.029136,-8.0106e-05
888,0.0016276,0.034233,-5.0255e-05
889,0.0020881,0.03973,2.8104e-05
890,0.0025336,0.045646,0.0001102
891,0.0031513,0.051367,-0.00012115
892,0.0037465,0.057088,-6.1449e-05
893,0.0042706,0.063097,5.7956e-05
894,0.0049894,0.069446,-0.00010623
895,0.0057119,0.075892,0.0001587
896,0.0063371,0.082354,9.4474e-06
897,0.0068649,0.089252,1.691e-05
898,0.0074976,0.096061,8.4075e-05
899,0.0084934,0.10269,-0.00019578
900,0.0090512,0.10984,-3.5329e-05
901,0.0096352,0.11693,-1.6672e-05
902,0.010683,0.12388,-5.7718e-05
903,0.011305,0.13104,6.1687e-05
904,0.012005,0.13804,-4.2792e-05
905,0.012712,0.14492,-0.00013981
906,0.013323,0.15168,4.6761e-05
907,0.014083,0.15832,-5.4782e-06
908,0.014685,0.16485,-8.3838e-05
909,0.015475,0.17105,2.4373e-05
910,0.016164,0.1771,-7.2643e-05
911,0.016733,0.183,-0.00011369
912,0.017403,0.18861,3.1836e-05
913,0.017815,0.19408,0.00021841
914,0.018433,0.19932,-6.1449e-05
915,0.019241,0.20416,0.00011393
916,0.019739,0.20876,0.00060274
917,0.020012,0.21296,0.00025572
918,0.02048,0.21688,0.000349
919,0.021023,0.22063,0.00045348
920,0.021356,0.2239,0.00018109
921,0.021787,0.22718,0.00037886
922,0.022034,0.23038,0.00036766
923,0.022232,0.23298,0.00022587
924,0.022611,0.23537,0.00024453
925,0.022708,0.23765,0.00017363
926,0.023034,0.23994,0.00022214
927,0.023528,0.2419,0.0001699
928,0.023655,0.24352,8.7807e-05
929,0.023782,0.2452,0.00015497
930,0.02394,0.24679,8.7807e-05
931,0.024145,0.24829,4.6761e-05
932,0.024449,0.24959,0.00010273
933,0.024565,0.25084,0.00012139
934,0.024714,0.25205,8.7807e-05
935,0.024965,0.25313,0.0001102
936,0.02507,0.25405,0.00013258
937,0.02528,0.25498,-2.0404e-05
938,0.025516,0.25614,6.5418e-05
939,0.025677,0.25705,0.00021094
940,0.025826,0.25801,0.00011393
941,0.025976,0.25908,9.527e-05
942,0.026332,0.25991,6.915e-05
943,0.026463,0.26101,0.00010646
944,0.026496,0.26202,3.5567e-05
945,0.026575,0.26283,-3.9061e-05
946,0.026669,0.2638,0.00020348
947,0.026961,0.26468,0.00015124
948,0.027129,0.26553,7.6613e-05
949,0.027211,0.26616,0.00019975
950,0.027215,0.26638,0.0001102
951,0.027444,0.26659,-0.00010623
952,0.027612,0.26663,-0.00011742
953,0.02753,0.26637,5.0493e-05
954,0.027597,0.26615,-5.4782e-06
955,0.027496,0.26579,-3.1598e-05
956,0.027432,0.26516,9.4474e-06
957,0.02747,0.26431,-6.1449e-05
958,0.027451,0.26314,-9.8763e-05
959,0.027279,0.26161,-5.3986e-05
960,0.027077,0.25985,-0.00013235
961,0.026916,0.25784,-0.00030399
962,0.026657,0.25562,1.9846e-06
963,0.026511,0.25298,0.00013631
964,0.026257,0.25016,-0.00018832
965,0.025781,0.24737,-0.00021071
966,0.025403,0.24395,-0.00024056
967,0.025108,0.24051,-0.00013981
968,0.024703,0.23697,-7.6375e-05
969,0.024314,0.23315,-0.000151
970,0.023816,0.22921,-6.8912e-05
971,0.023337,0.22485,-0.00018832
972,0.022966,0.22051,-0.00021817
973,0.02242,0.21581,-0.00032638
974,0.021862,0.21106,-0.00031518
975,0.021278,0.20609,-0.00010996
976,0.02066,0.20069,-0.00021071
977,0.0202,0.19532,-0.00024056
978,0.019642,0.18963,-0.00024056
979,0.018983,0.18399,-0.00023309
980,0.018388,0.17841,-0.00016593
981,0.017568,0.17245,-0.00019951
982,0.017014,0.16643,-0.00021071
983,0.016512,0.16034,-0.00016593
984,0.015808,0.15385,-0.00038235
985,0.015236,0.14744,-0.00030026
986,0.01433,0.14092,-8.3838e-05
987,0.013645,0.13408,-0.00027414
988,0.012933,0.12739,-0.00016966
989,0.012039,0.12073,-0.00027041
990,0.011638,0.11408,-0.00026294
991,0.010975,0.10733,-0.00014354
992,0.010036,0.10071,-0.00032638
993,0.0094443,0.094259,-0.00018832
994,0.0088491,0.087821,-0.00021444
995,0.0081003,0.081558,-0.00027787
996,0.0075762,0.075399,-0.00015847
997,0.0070109,0.069147,-0.00015847
998,0.0063109,0.062933,-0.00024056
999,0.0055921,0.057182,-0.00019951
1000,0.0051242,0.051449,-0.0002219
1001,0.0046637,0.045605,-0.00025921
1002,0.0038326,0.040052,-0.00021071
1003,0.003492,0.03448,-0.00033011
1004,0.0030128,0.02905,-0.00016966
1005,0.002279,0.023789,-0.00019578
1006,0.0019122,0.01855,-0.00031518
1007,0.0013094,0.013258,-0.00016966
1008,0.00085272,0.007907,-0.00021817
1009,0.00035482,0.0026455,-0.00012488
1010,-0.00017677,-0.0027319,-0.00010996
1011,-0.00056611,-0.0080869,-0.000151
1012,-0.0012624,-0.013539,-3.5329e-05
1013,-0.0017528,-0.018939,-0.00012488
1014,-0.0021085,-0.02426,-0.00024429
1015,-0.0027149,-0.02972,-0.00022563
1016,-0.0033888,-0.035138,-0.00021444
1017,-0.003868,-0.040875,-0.00015847
1018,-0.0043509,-0.046618,-0.00020697
1019,-0.0049087,-0.052448,-0.0002928
1020,-0.0054889,-0.058498,-0.00023682
1021,-0.0062115,-0.064634,-0.0002928
1022,-0.0068965,-0.071121,-0.00021071
1023,-0.0075142,-0.077556,-0.00020324
1024,-0.0080608,-0.084181,-0.0002219
1025,-0.0087983,-0.090956,-9.8763e-05
1026,-0.0096181,-0.097653,-0.00030026
1027,-0.010299,-0.10447,-0.0002928
1028,-0.010902,-0.1115,-1.7468e-06
1029,-0.011688,-0.11851,-0.00016966
1030,-0.012508,-0.12541,-0.00038981
1031,-0.013021,-0.13251,-0.00022936
1032,-0.013961,-0.13952,-0.00017712
1033,-0.014732,-0.14661,-0.00024802
1034,-0.0152,-0.15345,-0.00020324
1035,-0.015941,-0.15992,-0.00022936
1036,-0.016589,-0.16647,-0.00033011
1037,-0.017278,-0.17269,-0.00013981
1038,-0.017858,-0.17894,-0.00012115
1039,-0.018487,-0.18508,-0.00028533
1040,-0.019213,-0.1907,-0.00012488
1041,-0.01976,-0.19625,-0.00012861
1042,-0.020265,-0.20146,-9.8763e-05
1043,-0.020883,-0.20633,-0.00029653
1044,-0.02165,-0.21105,-0.00065474
1045,-0.022017,-0.21519,-0.00052787
1046,-0.022369,-0.21914,-0.00045325
1047,-0.023005,-0.22307,-0.00049429
1048,-0.023222,-0.22646,-0.00061743
1049,-0.023574,-0.2296,-0.00049802
1050,-0.023979,-0.23263,-0.00029653
1051,-0.024173,-0.23534,-0.00050922
1052,-0.024521,-0.23783,-0.0005428
1053,-0.024742,-0.24004,-0.00058384
1054,-0.025057,-0.24207,-0.00063235
1055,-0.025319,-0.24399,-0.00042339
1056,-0.02545,-0.24588,-0.00032265
1057,-0.025719,-0.24759,-0.00034504
1058,-0.025903,-0.24908,-0.00040101
1059,-0.026169,-0.25061,-0.00041966
1060,-0.026487,-0.25191,-0.00040474
1061,-0.026573,-0.25315,-0.00040101
1062,-0.026693,-0.25438,-0.00040847
1063,-0.026865,-0.25521,-0.00038235
1064,-0.026988,-0.25596,-0.00031518
1065,-0.027097,-0.25692,-0.00031145
1066,-0.027284,-0.25791,-0.0003413
1067,-0.027475,-0.25884,-0.00028533
1068,-0.027505,-0.25976,-0.00026294
1069,-0.027842,-0.26084,-0.00043086
1070,-0.028134,-0.26198,-0.00048683
1071,-0.028179,-0.26293,-0.0003525
1072,-0.028452,-0.26392,-0.00035996
1073,-0.028561,-0.26513,-0.00031518
1074,-0.028673,-0.26604,-0.00020324
1075,-0.028763,-0.26683,-0.00022936
1076,-0.02883,-0.26772,-0.00026668
1077,-0.029178,-0.26835,-0.00027414
1078,-0.029336,-0.26893,-0.00018459
1079,-0.029358,-0.26915,-0.00025175
1080,-0.029291,-0.26916,-0.00025175
1081,-0.029493,-0.26919,-7.2643e-05
1082,-0.029792,-0.26893,-0.00018459
1083,-0.029463,-0.2685,-0.00016593
1084,-0.029373,-0.26785,-0.00014727
1085,-0.029489,-0.2669,-0.00024056
1086,-0.029403,-0.26585,-0.00016966
1087,-0.029321,-0.26452,-0.00026668
1088,-0.029029,-0.26238,-0.00029653
1089,-0.028789,-0.2601,-0.00020697
1090,-0.028542,-0.25776,-0.00018832
1091,-0.028145,-0.25496,-7.2643e-05
1092,-0.028025,-0.2521,-4.2792e-05
1093,-0.027835,-0.24905,-0.00022936
1094,-0.02728,-0.24579,-0.00016966
1095,-0.026842,-0.2423,-0.00013981
1096,-0.026476,-0.23871,-0.00027787
1097,-0.02609,-0.23487,-7.2643e-05
1098,-0.025656,-0.23093,-4.2792e-05
1099,-0.025244,-0.22682,-0.000151
1100,-0.024746,-0.22225,-9.8763e-05
1101,-0.024173,-0.21761,-0.00012861
1102,-0.023784,-0.21278,-2.0404e-05
1103,-0.023129,-0.20775,-5.0255e-05
1104,-0.022612,-0.20248,-1.2941e-05
1105,-0.022178,-0.1971,6.5418e-05
1106,-0.021351,-0.19161,-2.0404e-05
1107,-0.020647,-0.18598,9.1538e-05
1108,-0.020059,-0.1802,9.4474e-06
1109,-0.019445,-0.17395,2.0642e-05
1110,-0.018812,-0.16779,9.1538e-05
1111,-0.018225,-0.16157,-9.13e-05
1112,-0.017629,-0.15497,-0.00012488
1113,-0.016847,-0.14833,-9.13e-05
1114,-0.016162,-0.14161,-1.2941e-05
1115,-0.015541,-0.13488,-4.6524e-05
1116,-0.014833,-0.12802,-0.00013608
1117,-0.014028,-0.12123,-0.00011742
1118,-0.013118,-0.11458,3.9299e-05
1119,-0.012426,-0.10771,6.5418e-05
1120,-0.011804,-0.10084,1.691e-05
1121,-0.011179,-0.09426,8.0344e-05
1122,-0.01055,-0.087739,-0.00018459
1123,-0.010019,-0.081412,-9.13e-05
1124,-0.009532,-0.075235,0.0001699
1125,-0.0085699,-0.069084,5.0493e-05
1126,-0.0079298,-0.062933,9.1538e-05
1127,-0.0074731,-0.056951,5.716e-06
1128,-0.0067693,-0.051439,-9.2096e-06
1129,-0.0062452,-0.045598,-5.4782e-06
1130,-0.0057248,-0.039933,-9.5032e-05
1131,-0.0052082,-0.034656,-6.5181e-05
1132,-0.0045568,-0.029002,9.4474e-06
1133,-0.0041375,-0.023748,0.00015124
1134,-0.0035722,-0.018434,2.4373e-05
1135,-0.0029658,-0.012881,-4.6524e-05
1136,-0.0025877,-0.0075526,-9.2096e-06
1137,-0.0019512,-0.0021864,-3.9061e-05
1138,-0.0015432,0.0031238,-2.4135e-05
1139,-0.00088057,0.0085572,-0.00016593
1140,-0.00029657,0.013912,-0.00017712
1141,-2.703e-05,0.019364,-4.2792e-05
1142,0.00055323,0.024899,-1.2941e-05
1143,0.0011223,0.030411,-7.2643e-05
1144,0.0016164,0.036192,-0.00010249
1145,0.0021255,0.041707,9.4474e-06
1146,0.0028181,0.047447,2.8104e-05
1147,0.0034283,0.053669,-0.00012488
1148,0.0040498,0.059816,-0.00014354
1149,0.0046637,0.066076,-2.4135e-05
1150,0.0051691,0.072447,7.2881e-05
1151,0.0060114,0.079028,-6.5181e-05
1152,0.0066291,0.085758,-0.00014727
1153,0.0072056,0.092525,-1.6672e-05
1154,0.0079731,0.099525,-9.5032e-05
1155,0.0086244,0.10636,-3.9061e-05
1156,0.0095341,0.11311,-0.00010249
1157,0.010126,0.12015,-5.3986e-05
1158,0.010687,0.12705,0.00018109
1159,0.011661,0.13388,1.3179e-05
1160,0.012274,0.1409,8.0344e-05
1161,0.012948,0.14778,-1.2941e-05
1162,0.013772,0.15446,-5.7718e-05
1163,0.014431,0.16112,8.0344e-05
1164,0.015198,0.16756,1.691e-05
1165,0.015741,0.17387,0.0001699
1166,0.016228,0.18019,8.4075e-05
1167,0.017036,0.18605,-6.5181e-05
1168,0.017572,0.19167,9.4474e-06
1169,0.018118,0.19702,4.303e-05
1170,0.018796,0.20215,-2.4135e-05
1171,0.019297,0.20717,0.00018482
1172,0.01996,0.21168,0.00027065
1173,0.020465,0.21602,0.00021841
1174,0.020859,0.22004,0.00038259
1175,0.021282,0.22368,0.00024453
1176,0.021596,0.227,0.0002296
1177,0.021888,0.23008,0.00031169
1178,0.02227,0.23308,0.000349
1179,0.022614,0.23554,0.00033781
1180,0.02285,0.23786,0.00024826
1181,0.023108,0.24006,0.00015124
1182,0.023356,0.24199,0.00017363
1183,0.02376,0.244,0.00018855
1184,0.023895,0.24582,0.00011393
1185,0.023958,0.24733,0.00015497
1186,0.02422,0.24897,5.0493e-05
1187,0.024467,0.25051,0.00015497
1188,0.024812,0.25178,0.00011766
1189,0.024849,0.2529,2.8104e-05
1190,0.024849,0.25393,0.00021094
1191,0.025048,0.25507,0.0002296
1192,0.025164,0.25588,5.7956e-05
1193,0.025504,0.25671,-1.6672e-05
1194,0.025748,0.25772,0.0001587
1195,0.025774,0.25876,3.5567e-05
1196,0.026081,0.2598,8.4075e-05
1197,0.026227,0.26075,8.0344e-05
1198,0.026279,0.26192,-7.6375e-05
1199,0.026631,0.26311,0.00014005
1200,0.026792,0.26428,0.0001699
1201,0.026904,0.26525,0.00010646
1202,0.027144,0.26606,-2.0404e-05
1203,0.02717,0.26698,-4.2792e-05
1204,0.027223,0.26768,-4.2792e-05
1205,0.027391,0.26825,-0.00014727
1206,0.02759,0.26873,-9.2096e-06
1207,0.027751,0.26899,5.4224e-05
1208,0.027668,0.26909,-9.2096e-06
1209,0.027777,0.26914,-5.3986e-05
1210,0.027878,0.26898,-1.6672e-05
1211,0.027799,0.26839,-0.00012861
1212,0.02784,0.26774,-0.00021071
1213,0.027721,0.26668,1.9846e-06
1214,0.027683,0.2653,2.0642e-05
1215,0.027571,0.26354,-6.8912e-05
1216,0.027234,0.26138,-0.00013981
1217,0.027088,0.25938,1.3179e-05
1218,0.026848,0.25693,-2.0404e-05
1219,0.026451,0.25408,-0.00034877
1220,0.026133,0.25115,-3.9061e-05
1221,0.025751,0.24807,-2.0404e-05
1222,0.025422,0.24489,-0.00015847
1223,0.025123,0.24138,-7.2643e-05
1224,0.024767,0.23761,-0.00025921
1225,0.024284,0.2338,-0.00012861
1226,0.023711,0.22992,-0.00013608
1227,0.023307,0.22558,-0.00018085
1228,0.022858,0.22101,-0.00013981
1229,0.022367,0.21637,-0.0001622
1230,0.021843,0.21145,-0.00019578
1231,0.021293,0.20655,-0.00037489
1232,0.020832,0.20138,-0.00025175
1233,0.020323,0.19584,-8.0106e-05
1234,0.019661,0.19034,-7.2643e-05
1235,0.019002,0.18463,-0.00021444
1236,0.018418,0.17862,-0.00022936
1237,0.017594,0.17247,-9.5032e-05
1238,0.016913,0.1662,-0.00019951
1239,0.016362,0.15976,-0.00011369
1240,0.015662,0.15335,-0.000151
1241,0.015097,0.14678,-0.00017339
1242,0.014326,0.14,-5.3986e-05
1243,0.013555,0.13331,-0.00019951
1244,0.012888,0.12649,-0.00022936
1245,0.012024,0.11967,-0.00025921
1246,0.011417,0.11301,-0.00022936
1247,0.010807,0.10639,-0.00021817
1248,0.010032,0.099682,-0.00021444
1249,0.009493,0.093026,-0.00025548
1250,0.0087929,0.086688,-0.00023682
1251,0.0080704,0.080366,1.691e-05
1252,0.0075613,0.074132,-0.00019951
1253,0.0069473,0.068176,-0.00018832
1254,0.0062697,0.062365,2.8104e-05
1255,0.0057044,0.056621,-0.00020324
1256,0.0051504,0.050736,-0.00027414
1257,0.0045177,0.045044,-0.00018459
1258,0.0039075,0.039622,-0.00024056
1259,0.003462,0.033923,-0.00032638
1260,0.0030203,0.028411,-0.00017712
1261,0.0024026,0.023004,-0.00016593
1262,0.0019009,0.017507,-0.00023682
1263,0.0013731,0.012126,-0.00019578
1264,0.00086769,0.0068569,-0.00020697
1265,0.00036979,0.0014758,-0.00017712
1266,-0.00022918,-0.0041034,-0.0002928
1267,-0.00074955,-0.0092902,-0.00022563
1268,-0.0013148,-0.014664,-0.00025175
1269,-0.0017004,-0.020265,-0.00039354
1270,-0.0021871,-0.02574,-0.00023682
1271,-0.0030182,-0.031248,-0.00025921
1272,-0.0035348,-0.036887,-0.00024429
1273,-0.0039503,-0.042679,-0.00013981
1274,-0.0047253,-0.048431,-0.00010623
1275,-0.0051258,-0.054458,-0.00013608
1276,-0.00562,-0.060575,-0.00030026
1277,-0.006496,-0.066939,-0.00037489
1278,-0.0070014,-0.073468,-0.00027414
1279,-0.0077239,-0.079936,-0.00025175
1280,-0.0084052,-0.086652,-0.00034504
1281,-0.0089406,-0.093165,-0.00025548
1282,-0.009723,-0.099951,-0.00019578
1283,-0.010423,-0.10701,-0.00026668
1284,-0.011247,-0.11379,-0.00030399
1285,-0.011939,-0.12089,-0.00013235
1286,-0.012591,-0.12789,-0.00013235
1287,-0.013455,-0.13472,-0.0002816
1288,-0.014021,-0.14195,-9.5032e-05
1289,-0.014803,-0.14891,-0.0001622
1290,-0.015615,-0.15564,-0.00032265
1291,-0.016008,-0.16234,-0.00036742
1292,-0.016738,-0.16886,-0.00037489
1293,-0.017547,-0.17526,-0.00015473
1294,-0.018251,-0.18145,-0.00013608
1295,-0.018835,-0.18749,-0.00024056
1296,-0.01937,-0.19321,-0.00032265
1297,-0.020153,-0.19877,-0.00035996
1298,-0.020572,-0.20392,-0.00031145
1299,-0.021055,-0.20904,-0.00041966
1300,-0.021807,-0.21407,-0.00055026
1301,-0.022358,-0.21807,-0.00055399
1302,-0.022758,-0.22199,-0.00054653
1303,-0.022983,-0.22576,-0.0004831
1304,-0.023451,-0.22903,-0.00044578
1305,-0.023885,-0.23211,-0.00051668
1306,-0.024188,-0.23493,-0.00046817
1307,-0.024544,-0.23758,-0.00045325
1308,-0.024731,-0.23984,-0.00058384
1309,-0.025072,-0.24193,-0.00051668
1310,-0.025353,-0.24398,-0.0002816
1311,-0.025491,-0.24611,-0.00036742
1312,-0.025731,-0.248,-0.00056519
1313,-0.025974,-0.24955,-0.00049429
1314,-0.026199,-0.25121,-0.00044578
1315,-0.026419,-0.25246,-0.00037489
1316,-0.026681,-0.25382,-0.00034504
1317,-0.026794,-0.25507,-0.00037116
1318,-0.026985,-0.25595,-0.00030026
1319,-0.027161,-0.25694,-0.0002928
1320,-0.027191,-0.25778,-0.00030399
1321,-0.027411,-0.25876,-0.00030772
1322,-0.027516,-0.25979,-0.00023682
1323,-0.027677,-0.26072,-0.0002928
1324,-0.027958,-0.26179,-0.00040474
1325,-0.028059,-0.2629,-0.00026668
1326,-0.028321,-0.26408,-0.00023682
1327,-0.028478,-0.26508,-0.00030772
1328,-0.028493,-0.26593,-0.00035996
1329,-0.028819,-0.26698,-0.00034504
1330,-0.028961,-0.26779,-0.00025548
1331,-0.029115,-0.26861,-0.00018459
1332,-0.029235,-0.26942,-0.00019205
1333,-0.029235,-0.27007,-0.00038981
1334,-0.029538,-0.27053,-0.0002928
1335,-0.029489,-0.2706,-0.00011369
1336,-0.029512,-0.27083,-0.00019205
1337,-0.029721,-0.27083,-0.00019951
1338,-0.02971,-0.27064,-0.00016593
1339,-0.029613,-0.27014,-0.00022563
1340,-0.029557,-0.26903,-0.00031892
1341,-0.029613,-0.2681,-0.00018459
1342,-0.029504,-0.2667,-0.00020324
1343,-0.029362,-0.26491,-0.00031892
1344,-0.02895,-0.26311,-0.00013981
1345,-0.028849,-0.2608,-1.6672e-05
1346,-0.028842,-0.25849,-0.00014727
1347,-0.02834,-0.25573,-0.00024056
1348,-0.028063,-0.25275,-9.8763e-05
1349,-0.027674,-0.25004,-0.00017339
1350,-0.027453,-0.24673,-0.000151
1351,-0.027153,-0.24325,9.9001e-05
1352,-0.026663,-0.23948,-0.00013235
1353,-0.026352,-0.23564,-0.00019578
1354,-0.025667,-0.23188,0.0001102
1355,-0.025169,-0.22734,-1.7468e-06
1356,-0.024851,-0.22299,-0.00013608
1357,-0.024308,-0.21848,-7.6375e-05
1358,-0.023806,-0.21356,-2.4135e-05
1359,-0.023357,-0.2088,9.1538e-05
1360,-0.022725,-0.20358,8.4075e-05
1361,-0.022159,-0.19817,3.1836e-05
1362,-0.021545,-0.19247,-6.5181e-05
1363,-0.020759,-0.18668,-0.00019205
1364,-0.020201,-0.18073,-0.00014727
1365,-0.019565,-0.1743,-5.7718e-05
1366,-0.018932,-0.16796,-0.00010623
1367,-0.018236,-0.16151,-0.00010996
1368,-0.017506,-0.1551,-8.0106e-05
1369,-0.016858,-0.14853,-0.00011369
1370,-0.015949,-0.14159,-4.2792e-05
1371,-0.015278,-0.1347,-5.0255e-05
1372,-0.014732,-0.12781,5.716e-06
1373,-0.013882,-0.1209,7.6613e-05
1374,-0.013145,-0.11402,-2.7867e-05
1375,-0.012568,-0.10723,-3.9061e-05
1376,-0.011849,-0.10055,8.4075e-05
1377,-0.011198,-0.094122,5.7956e-05
1378,-0.010614,-0.087586,-8.3838e-05
1379,-0.0099139,-0.081065,-6.5181e-05
1380,-0.0092251,-0.075004,-0.00013608
1381,-0.0085999,-0.068879,-0.00011369
1382,-0.0080758,-0.06284,2.8104e-05
1383,-0.0073982,-0.057067,-5.3986e-05
1384,-0.006803,-0.051338,-0.00021071
1385,-0.0063013,-0.045751,-4.6524e-05
1386,-0.0056349,-0.04003,0.00017736
1387,-0.0051595,-0.03435,-1.7468e-06
1388,-0.0047178,-0.028961,-6.1449e-05
1389,-0.0042199,-0.023603,-5.4782e-06
1390,-0.0036583,-0.018334,4.6761e-05
1391,-0.0030556,-0.012885,5.716e-06
1392,-0.0025128,-0.0073769,5.716e-06
1393,-0.0019512,-0.0021116,9.527e-05
1394,-0.0015245,0.003262,-0.00018832
1395,-0.0010191,0.0085909,-0.00011369
1396,-0.0005137,0.01395,8.7807e-05
1397,-9.0671e-05,0.01954,-7.2643e-05
1398,0.00058318,0.025022,3.1836e-05
1399,0.0011035,0.030373,7.6613e-05
1400,0.0016351,0.036038,1.9846e-06
1401,0.0022977,0.041928,-1.2941e-05
1402,0.0027357,0.047578,-0.00014354
1403,0.0033609,0.053654,-0.00013608
1404,0.0040834,0.059962,6.915e-05
1405,0.0046263,0.066102,4.6761e-05
1406,0.0052215,0.072765,-0.00011369
1407,0.0059515,0.079162,2.0642e-05
1408,0.0066291,0.085579,1.9846e-06
1409,0.0073628,0.092552,2.4373e-05
1410,0.0080704,0.099136,0.00016243
1411,0.0086731,0.10582,-5.7718e-05
1412,0.0094031,0.113,-2.7867e-05
1413,0.010137,0.11999,4.303e-05
1414,0.010934,0.12699,9.4474e-06
1415,0.011675,0.13408,3.1836e-05
1416,0.012256,0.14092,-0.00013608
1417,0.012989,0.14791,-7.2643e-05
1418,0.013783,0.15456,-8.0106e-05
1419,0.014405,0.16107,-0.00022563
1420,0.015093,0.16768,-2.7867e-05
1421,0.015741,0.17393,1.691e-05
1422,0.016344,0.18027,-0.00012861
1423,0.017025,0.18621,-0.00010249
1424,0.017669,0.19194,3.1836e-05
1425,0.018223,0.19751,0.0001102
1426,0.018691,0.20264,1.3179e-05
1427,0.019481,0.20776,4.303e-05
1428,0.020076,0.21248,0.00019602
1429,0.020492,0.21657,0.00024079
1430,0.020933,0.22032,0.0003005
1431,0.021184,0.22396,0.00020721
1432,0.021761,0.22707,0.00026318
1433,0.02206,0.23,0.00039005
1434,0.022214,0.23281,0.00030423
1435,0.022663,0.23511,0.00020721
1436,0.022873,0.23735,6.915e-05
1437,0.023049,0.23954,0.00015497
1438,0.023356,0.24165,0.00019975
1439,0.023692,0.24364,0.00013631
1440,0.023853,0.24555,0.00016617
1441,0.023981,0.24727,0.00023706
1442,0.024314,0.24871,0.00025199
1443,0.024359,0.25015,0.00013258
1444,0.024449,0.25146,0.0001102
1445,0.024917,0.2526,0.00014751
1446,0.025126,0.25363,0.00018482
1447,0.025261,0.25465,0.00012139
1448,0.025328,0.25564,0.00014378
1449,0.025332,0.25655,0.00019975
1450,0.025561,0.25764,-3.9061e-05
1451,0.02565,0.25881,-9.5032e-05
1452,0.025927,0.25981,1.3179e-05
1453,0.026103,0.2608,0.00010646
1454,0.026085,0.26193,0.00014005
1455,0.026481,0.26286,0.0001102
1456,0.026657,0.26378,0.00013258
1457,0.026807,0.26478,-1.6672e-05
1458,0.02717,0.26563,8.4075e-05
1459,0.02711,0.26636,-2.0404e-05
1460,0.027204,0.26697,-0.00018832
1461,0.027417,0.26751,5.7956e-05
1462,0.027417,0.26802,-6.5181e-05
1463,0.027623,0.26838,3.5567e-05
1464,0.027642,0.26843,5.716e-06
1465,0.027683,0.26833,-0.00015847
1466,0.027765,0.26799,5.4224e-05
1467,0.027672,0.2672,2.8104e-05
1468,0.027619,0.2664,8.4075e-05
1469,0.027548,0.26533,1.691e-05
1470,0.027526,0.26385,2.4373e-05
1471,0.02726,0.26229,8.0344e-05
1472,0.027163,0.26025,-0.00012861
1473,0.026923,0.25799,-9.5032e-05
1474,0.026702,0.25569,-0.00012115
1475,0.026594,0.25297,-0.00020697
1476,0.025939,0.25025,-0.00018832
1477,0.025688,0.2474,-7.2643e-05
1478,0.025527,0.24384,-0.00012115
1479,0.025044,0.24028,-0.00031145
1480,0.02461,0.23705,-0.00015473
1481,0.024224,0.23326,-7.6375e-05
1482,0.023745,0.22897,-0.00011742
1483,0.023344,0.2248,-0.00012861
1484,0.022918,0.22044,-0.00018085
1485,0.022244,0.21606,-5.7718e-05
1486,0.021851,0.2114,-0.00010996
1487,0.021282,0.20624,-0.00032638
1488,0.02063,0.20111,-0.0003413
1489,0.020084,0.19568,-0.00038235
1490,0.019488,0.1901,-0.0002928
1491,0.018957,0.18415,-0.00033011
1492,0.018178,0.17783,-0.00028906
1493,0.017718,0.17175,-2.7867e-05
1494,0.017003,0.16547,-0.00025548
1495,0.016037,0.1589,-0.00021444
1496,0.015696,0.15239,-0.00015473
1497,0.014981,0.14593,-0.0002928
1498,0.014229,0.13922,-0.00025548
1499,0.013592,0.13244,-0.00029653
1500,0.012671,0.12574,-0.00011369
1501,0.012035,0.11895,-0.00019951
1502,0.011339,0.11218,-0.00023682
1503,0.01068,0.10571,-0.00023682
1504,0.010021,0.099215,-0.00037116
1505,0.0094031,0.092596,-0.00020324
1506,0.0088865,0.086292,-0.00022936
1507,0.0081265,0.080037,-0.00019205
1508,0.0074227,0.073972,-0.00023309
1509,0.006805,0.068038,-0.00038608
1510,0.0062435,0.061991,-0.00028533
1511,0.005667,0.056195,-0.0001622
1512,0.0051017,0.05031,-0.00013235
1513,0.0045477,0.044615,-0.00021071
1514,0.0038401,0.039222,-0.00015473
1515,0.0032074,0.03358,-0.00018085
1516,0.0026833,0.02818,-0.00013981
1517,0.0021705,0.022828,-0.00015847
1518,0.0018223,0.017388,-0.00035996
1519,0.0013618,0.012193,-0.00025548
1520,0.000688,0.0069279,-0.00022563
1521,0.00021256,0.0015393,-0.00022563
1522,-0.00036395,-0.0038044,-0.00010996
1523,-0.00079821,-0.0091108,-0.00012115
1524,-0.0011239,-0.014473,-0.00019205
1525,-0.0017341,-0.019697,-0.00019205
1526,-0.0021946,-0.025116,-0.00025548
1527,-0.0027524,-0.030762,-0.00040474
1528,-0.0033326,-0.036345,-0.00037116
1529,-0.0040252,-0.041973,-0.00030399
1530,-0.0046541,-0.04775,-0.00019578
1531,-0.0050247,-0.0537,-0.00024056
1532,-0.0057959,-0.059589,-0.00039727
1533,-0.0063799,-0.065837,-0.00030026
1534,-0.0068778,-0.072055,-0.00025175
1535,-0.0074993,-0.078255,-0.00024429
1536,-0.0082517,-0.084921,-0.00013235
1537,-0.0091277,-0.09151,-6.5181e-05
1538,-0.0095845,-0.098131,-0.00012861
1539,-0.010285,-0.10495,-0.00025921
1540,-0.011048,-0.11206,-0.00025175
1541,-0.01173,-0.11909,-0.00028906
1542,-0.012493,-0.12615,-0.00036742
1543,-0.013092,-0.13333,-0.00025175
1544,-0.013979,-0.14028,-0.00016593
1545,-0.014683,-0.14726,-0.00027414
1546,-0.015207,-0.15396,-0.00021071
1547,-0.01602,-0.16084,-9.13e-05
1548,-0.01663,-0.16747,-0.00027414
1549,-0.017296,-0.17366,-0.00030026
1550,-0.018169,-0.17998,-0.00026294
1551,-0.018689,-0.18597,-0.000151
1552,-0.019307,-0.19188,-0.000151
1553,-0.019943,-0.19736,-0.00029653
1554,-0.020329,-0.20254,-0.00013981
1555,-0.021092,-0.20775,-0.00057265
1556,-0.02177,-0.21229,-0.00065101
1557,-0.022193,-0.21649,-0.00050549
1558,-0.022623,-0.22025,-0.00068086
1559,-0.02296,-0.22374,-0.00034877
1560,-0.023282,-0.227,-0.00055773
1561,-0.023556,-0.22976,-0.00056519
1562,-0.023874,-0.23255,-0.00042339
1563,-0.024147,-0.23509,-0.00062489
1564,-0.024417,-0.23762,-0.00047937
1565,-0.024847,-0.23992,-0.00058011
1566,-0.025214,-0.24186,-0.00047937
1567,-0.025278,-0.24389,-0.00033384
1568,-0.025439,-0.24544,-0.00050549
1569,-0.025663,-0.2472,-0.00040474
1570,-0.025858,-0.2489,-0.00033384
1571,-0.026161,-0.25003,-0.00034504
1572,-0.026318,-0.25134,-0.00030026
1573,-0.026524,-0.25261,-0.00036369
1574,-0.026513,-0.25373,-0.00038235
1575,-0.026674,-0.2547,-0.00036369
1576,-0.027063,-0.25551,-0.00031145
1577,-0.027075,-0.25655,-0.00035996
1578,-0.027243,-0.25777,-0.00040847
1579,-0.027528,-0.25874,-0.00030026
1580,-0.027632,-0.25965,-0.00045325
1581,-0.02776,-0.26068,-0.00044578
1582,-0.028003,-0.26177,-0.00035623
1583,-0.028089,-0.26277,-0.00042713
1584,-0.028198,-0.26359,-0.00034877
1585,-0.028516,-0.26445,-0.00029653
1586,-0.028647,-0.26529,-0.00018459
1587,-0.02874,-0.26613,-0.00030026
1588,-0.028868,-0.2667,-0.00034877
1589,-0.028931,-0.26708,-0.00021071
1590,-0.0291,-0.26765,-0.00018832
1591,-0.029126,-0.2679,-0.00020697
1592,-0.029175,-0.26788,-0.00023309
1593,-0.029407,-0.26756,-7.2643e-05
1594,-0.029392,-0.26704,-0.00022936
1595,-0.029283,-0.26656,-0.00025921
1596,-0.029164,-0.2655,1.9846e-06
1597,-0.029126,-0.26435,-0.00010249
1598,-0.029156,-0.26319,-0.00012115
1599,-0.028988,-0.26149,-0.00013608
1600,-0.02883,-0.25965,-0.00029653
1601,-0.028609,-0.25754,-0.00015847
1602,-0.028336,-0.2553,-0.00013608
1603,-0.028014,-0.25281,-0.00030399
1604,-0.027718,-0.24991,-0.00023309
1605,-0.027498,-0.24713,-0.00026294
1606,-0.027041,-0.24387,-0.00018085
1607,-0.026734,-0.24043,-5.0255e-05
1608,-0.026464,-0.23711,-9.13e-05
1609,-0.025974,-0.23324,1.691e-05
1610,-0.025618,-0.22943,-1.7468e-06
1611,-0.025102,-0.22558,5.7956e-05
1612,-0.024518,-0.22116,5.4224e-05
1613,-0.024076,-0.21668,-0.00012488
1614,-0.023586,-0.21197,-5.7718e-05
1615,-0.023148,-0.20694,-1.7468e-06
1616,-0.022549,-0.20181,1.3179e-05
1617,-0.02192,-0.19621,-2.7867e-05
1618,-0.021399,-0.19037,-6.5181e-05
1619,-0.020613,-0.1845,-7.6375e-05
1620,-0.019808,-0.17835,-0.00015473
1621,-0.019228,-0.17216,-6.8912e-05
1622,-0.018674,-0.16597,-6.1449e-05
1623,-0.017963,-0.15947,-4.2792e-05
1624,-0.017147,-0.15299,-2.0404e-05
1625,-0.016559,-0.14643,-1.2941e-05
1626,-0.015922,-0.13968,0.00010646
1627,-0.015088,-0.13296,-5.7718e-05
1628,-0.014459,-0.12608,-2.0404e-05
1629,-0.013751,-0.11944,-3.1598e-05
1630,-0.013137,-0.11277,-8.7569e-05
1631,-0.012531,-0.10617,4.6761e-05
1632,-0.011636,-0.099626,-5.4782e-06
1633,-0.011074,-0.092993,8.0344e-05
1634,-0.01049,-0.086723,-8.3838e-05
1635,-0.0097454,-0.080452,-4.6524e-05
1636,-0.009094,-0.074484,7.2881e-05
1637,-0.0084689,-0.068543,-1.7468e-06
1638,-0.0079148,-0.062436,0.00012512
1639,-0.0072297,-0.056611,-5.3986e-05
1640,-0.0066607,-0.050789,-1.7468e-06
1641,-0.006219,-0.045034,8.4075e-05
1642,-0.0055825,-0.039402,-0.00014354
1643,-0.0049798,-0.033883,-0.00019578
1644,-0.0044632,-0.028446,-0.00020697
1645,-0.0038717,-0.023188,-0.00017712
1646,-0.0034711,-0.018035,-5.3986e-05
1647,-0.0030294,-0.012889,2.8104e-05
1648,-0.0024978,-0.0077058,9.4474e-06
1649,-0.0021684,-0.0025526,5.716e-06
1650,-0.0017042,0.0025184,5.716e-06
1651,-0.0011726,0.0076791,-8.3838e-05
1652,-0.00057734,0.012829,9.527e-05
1653,-4.5685e-06,0.018243,8.0344e-05
1654,0.00040348,0.02368,-0.00023682
1655,0.00094256,0.029039,-1.2941e-05
1656,0.0015266,0.034574,2.0642e-05
1657,0.0020918,0.040018,-7.6375e-05
1658,0.0026609,0.045706,0.00012512
1659,0.0030839,0.051569,-2.0404e-05
1660,0.0036941,0.05744,-0.00012488
1661,0.0045065,0.063617,-1.7468e-06
1662,0.0050268,0.069708,0.00014378
1663,0.0055172,0.075855,8.4075e-05
1664,0.0062398,0.082354,6.915e-05
1665,0.0069885,0.088815,7.2881e-05
1666,0.00758,0.095556,-0.00016593
1667,0.0081827,0.1024,-5.3986e-05
1668,0.0090624,0.10919,-3.1598e-05
1669,0.0098037,0.11627,-4.2792e-05
1670,0.010429,0.12331,-1.2941e-05
1671,0.011264,0.13034,-0.00013608
1672,0.01187,0.13714,6.915e-05
1673,0.01257,0.14404,4.6761e-05
1674,0.013383,0.15107,3.1836e-05
1675,0.013937,0.15749,-1.2941e-05
1676,0.01473,0.16377,-0.00013981
1677,0.015325,0.17018,4.6761e-05
1678,0.015966,0.1765,1.3179e-05
1679,0.016662,0.18234,9.9001e-05
1680,0.017137,0.18801,0.0001587
1681,0.017834,0.19363,-0.00010249
1682,0.018216,0.19863,-0.00014354
1683,0.018998,0.2035,0.00017363
1684,0.019735,0.20806,0.00044975
1685,0.019919,0.21199,0.00027811
1686,0.02048,0.21559,0.00021841
1687,0.020825,0.21916,0.00019602
1688,0.021184,0.2224,1.9846e-06
1689,0.021551,0.22502,0.00020348
1690,0.021802,0.2279,0.00031915
1691,0.022101,0.23045,0.00020348
1692,0.022266,0.23249,0.00018482
1693,0.022611,0.23484,0.00017736
1694,0.02285,0.23694,0.00024453
1695,0.023056,0.23868,0.00022587
1696,0.023168,0.24036,0.00022587
1697,0.023258,0.24199,0.00010646
1698,0.023625,0.24335,2.8104e-05
1699,0.023921,0.24474,0.00027811
1700,0.024033,0.24608,0.00036766
1701,0.0241,0.24703,0.00024079
1702,0.02428,0.24828,2.4373e-05
1703,0.024407,0.24943,-3.9061e-05
1704,0.02461,0.25032,0.00011766
1705,0.024823,0.25133,8.0344e-05
1706,0.02492,0.2522,2.0642e-05
1707,0.025175,0.25321,0.00014005
1708,0.025269,0.25421,0.00017363
1709,0.0254,0.25511,6.1687e-05
1710,0.025647,0.25605,-2.0404e-05
1711,0.025778,0.25696,5.0493e-05
1712,0.026062,0.25788,9.527e-05
1713,0.026253,0.25877,2.8104e-05
1714,0.026354,0.25974,6.915e-05
1715,0.026418,0.2603,0.0001102
1716,0.026504,0.2608,0.00013258
1717,0.026781,0.26142,2.4373e-05
1718,0.026916,0.26161,-0.00014727
1719,0.026961,0.26162,5.716e-06
1720,0.026934,0.26148,5.0493e-05
1721,0.026957,0.26115,-2.0404e-05
1722,0.026991,0.26064,-2.7867e-05
1723,0.026942,0.26005,-2.0404e-05
1724,0.026871,0.25918,5.0493e-05
1725,0.026751,0.25805,1.3179e-05
1726,0.026721,0.2569,5.716e-06
1727,0.026597,0.25522,-0.00012115
1728,0.02641,0.25343,-0.00012115
1729,0.026189,0.25162,-7.2643e-05
1730,0.025954,0.24917,-0.00010249
1731,0.02571,0.24661,-1.2941e-05
1732,0.025444,0.24399,-3.5329e-05
1733,0.025108,0.24104,0.00016617
1734,0.024741,0.23797,2.0642e-05
1735,0.024482,0.23459,-0.00020697
1736,0.024078,0.23116,-0.00010996
1737,0.023655,0.22766,-0.00037862
1738,0.023217,0.2237,-0.00036369
1739,0.022693,0.21964,-0.00025548
1740,0.022289,0.2155,-0.00022936
1741,0.021809,0.21116,-0.00010996
1742,0.021278,0.20644,-0.00025175
1743,0.020724,0.20136,-0.00024056
1744,0.02011,0.19611,-0.00024429
1745,0.019541,0.1908,-0.00031518
1746,0.019009,0.1854,-0.00012115
1747,0.018466,0.17952,-8.7569e-05
1748,0.017673,0.17372,-0.00013235
1749,0.016969,0.168,-0.00017339
1750,0.01658,0.16184,-0.00031145
1751,0.015954,0.15584,-0.00024429
1752,0.015146,0.14965,-0.00025175
1753,0.014506,0.14309,-0.00026294
1754,0.013873,0.13674,-0.00020697
1755,0.013079,0.13025,-0.00038608
1756,0.012409,0.12362,-0.00038608
1757,0.01178,0.11708,-0.00031145
1758,0.011136,0.11047,-0.00026294
1759,0.01044,0.10389,-0.0002219
1760,0.009609,0.097335,-0.00027414
1761,0.00904,0.091034,-7.6375e-05
1762,0.0084447,0.084745,-0.00019951
1763,0.0077035,0.07837,-0.00042339
1764,0.0071195,0.0722,-0.0001622
1765,0.006558,0.066165,-0.00028533
1766,0.0059328,0.060358,-0.00038608
1767,0.0053039,0.054454,-0.00018085
1768,0.0047199,0.048621,-0.00023309
1769,0.0041022,0.043056,-0.00025548
1770,0.0036267,0.037485,-0.00021071
1771,0.003185,0.032208,-0.00022563
1772,0.0025785,0.027029,-0.00037489
1773,0.0020432,0.021737,-0.00027041
1774,0.0015453,0.016696,-0.0002219
1775,0.0010773,0.011965,-0.00037116
1776,0.00081528,0.007126,-0.00016593
1777,0.00041097,0.0022606,-0.00019951
1778,-0.00018052,-0.0024554,-0.00016966
1779,-0.00064472,-0.0073545,-0.00011742
1780,-0.0011539,-0.012366,-0.00037489
1781,-0.0015881,-0.017403,-0.00026294
1782,-0.0020898,-0.02244,-0.00024429
1783,-0.0026064,-0.027418,-0.00032638
1784,-0.0031417,-0.032728,-0.00018459
1785,-0.0037631,-0.038195,-0.00019951
1786,-0.0042161,-0.043617,-0.00025548
1787,-0.0048114,-0.049174,-0.00027414
1788,-0.0052269,-0.054761,-0.00016593
1789,-0.0058408,-0.060744,-9.5032e-05
1790,-0.0065858,-0.066827,-0.00024429
1791,-0.007095,-0.072933,-0.00014354
1792,-0.0077613,-0.079458,-6.5181e-05
1793,-0.0082667,-0.085815,-0.00024056
1794,-0.0090753,-0.092279,-0.00018459
1795,-0.0098091,-0.09895,-0.00013608
1796,-0.010359,-0.10544,-0.00025921
1797,-0.011082,-0.11211,-0.00018085
1798,-0.011655,-0.11879,-0.00011742
1799,-0.012415,-0.12527,-0.00025175
1800,-0.013066,-0.13189,-0.0002816
1801,-0.013725,-0.13833,-0.00019951
1802,-0.014537,-0.1445,-0.00017712
1803,-0.015177,-0.1508,-0.00020324
1804,-0.015687,-0.15698,-5.0255e-05
1805,-0.01639,-0.16311,2.0642e-05
1806,-0.01721,-0.16903,-0.00019205
1807,-0.0176,-0.17456,-0.00019951
1808,-0.018251,-0.18015,-0.00019578
1809,-0.018846,-0.18557,-0.00017712
1810,-0.01931,-0.19091,-0.00015473
1811,-0.020246,-0.19608,-0.00046071
1812,-0.020628,-0.20067,-0.0004719
1813,-0.020883,-0.20506,-0.00025921
1814,-0.021504,-0.20916,-0.00043086
1815,-0.021905,-0.2128,-0.00053534
1816,-0.022242,-0.21626,-0.00045698
1817,-0.022605,-0.2194,-0.00059504
1818,-0.023028,-0.2222,-0.00043459
1819,-0.023271,-0.22485,-0.00030772
1820,-0.023387,-0.22725,-0.0005428
1821,-0.023743,-0.22918,-0.00050922
1822,-0.023952,-0.23085,-0.00053534
1823,-0.024162,-0.23229,-0.00050922
1824,-0.024327,-0.23338,-0.00055026
1825,-0.024293,-0.2343,-0.00058384
1826,-0.02454,-0.23524,-0.00023309
1827,-0.024686,-0.23638,-0.00023682
1828,-0.024851,-0.2374,-0.00037489
1829,-0.024993,-0.23841,-0.00038608
1830,-0.025124,-0.23943,-0.00026294
1831,-0.025495,-0.24045,-0.00023682
1832,-0.02545,-0.24153,-0.00050549
1833,-0.025603,-0.24251,-0.00037862
1834,-0.025873,-0.24373,-0.00017339
1835,-0.025865,-0.24485,-0.00028906
1836,-0.026225,-0.24595,-0.00040101
1837,-0.026446,-0.24735,-0.0002816
1838,-0.02655,-0.24836,-0.00024429
1839,-0.026734,-0.24948,-0.00043832
1840,-0.026899,-0.2506,-0.00028533
1841,-0.027112,-0.25144,-0.00017712
1842,-0.027037,-0.25246,-0.00030772
1843,-0.027172,-0.25308,-0.00026668
1844,-0.027382,-0.25344,-0.00022563
1845,-0.027438,-0.25396,-0.0002928
1846,-0.027625,-0.25436,-0.00030026
1847,-0.027752,-0.25448,-0.0002816
1848,-0.027853,-0.25465,-0.00031518
1849,-0.027872,-0.25489,-0.0001622
1850,-0.027932,-0.25491,-7.6375e-05
1851,-0.028033,-0.25522,-0.00027041
1852,-0.02807,-0.2551,-0.0002816
1853,-0.028063,-0.25449,-0.00017339
1854,-0.028067,-0.25409,-0.00027041
1855,-0.028153,-0.25322,-0.00027041
1856,-0.027849,-0.25186,-0.00025175
1857,-0.027617,-0.25009,-0.00033011
1858,-0.027689,-0.24797,-0.0001622
1859,-0.027344,-0.24548,-0.00011742
1860,-0.026891,-0.24255,-0.00016593
1861,-0.026498,-0.23959,-3.9061e-05
1862,-0.026247,-0.23651,-6.8912e-05
1863,-0.025951,-0.23338,-0.00016966
1864,-0.025405,-0.23,-5.0255e-05
1865,-0.025072,-0.2265,1.9846e-06
1866,-0.02478,-0.22281,-0.00015847
1867,-0.024241,-0.21876,-0.000151
1868,-0.023743,-0.21495,-9.8763e-05
1869,-0.023398,-0.21101,-3.5329e-05
1870,-0.022874,-0.20665,-0.00011742
1871,-0.022358,-0.2022,-0.00020324
1872,-0.021953,-0.19769,8.7807e-05
1873,-0.021482,-0.19296,6.1687e-05
1874,-0.020965,-0.18804,-7.6375e-05
1875,-0.020351,-0.18291,-9.13e-05
1876,-0.019793,-0.17741,-0.00010249
1877,-0.019179,-0.17179,2.0642e-05
1878,-0.018603,-0.16614,-3.1598e-05
1879,-0.017978,-0.16026,3.5567e-05
1880,-0.01736,-0.15407,-5.0255e-05
1881,-0.016615,-0.1476,-0.00023309
1882,-0.015814,-0.14118,-4.6524e-05
1883,-0.015282,-0.13462,-0.00010996
1884,-0.014481,-0.12783,-2.7867e-05
1885,-0.01392,-0.12116,8.7807e-05
1886,-0.013298,-0.11434,-0.00025175
1887,-0.012317,-0.10747,-9.5032e-05
1888,-0.011718,-0.10085,7.6613e-05
1889,-0.011097,-0.094264,-1.6672e-05
1890,-0.010423,-0.08769,3.9299e-05
1891,-0.0098016,-0.081218,-0.00013608
1892,-0.0092475,-0.074992,-0.00011742
1893,-0.0085325,-0.068965,7.6613e-05
1894,-0.0077538,-0.06278,-2.4135e-05
1895,-0.0073046,-0.056719,-2.4135e-05
1896,-0.0066832,-0.050964,6.5418e-05
1897,-0.0060692,-0.045299,6.1687e-05
1898,-0.0055526,-0.039858,4.303e-05
1899,-0.0049873,-0.034555,-4.2792e-05
1900,-0.0045381,-0.029298,5.716e-06
1901,-0.0040364,-0.024313,-2.4135e-05
1902,-0.003546,-0.019432,-1.7468e-06
1903,-0.0030743,-0.014309,-1.2941e-05
1904,-0.0025877,-0.0093911,-0.00013235
1905,-0.0022058,-0.0046452,1.691e-05
1906,-0.0017678,0.00027626,-9.2096e-06
1907,-0.0012699,0.0053323,6.915e-05
1908,-0.00079821,0.010414,7.2881e-05
1909,-0.00019549,0.015441,-0.00010623
1910,0.00028369,0.020665,-5.4782e-06
1911,0.00065805,0.025915,2.4373e-05
1912,0.0011709,0.031401,3.5567e-05
1913,0.0016613,0.036704,-1.2941e-05
1914,0.0022491,0.042081,-1.7468e-06
1915,0.002878,0.047959,8.0344e-05
1916,0.0033572,0.05355,-0.00011742
1917,0.0039524,0.059603,-0.00013608
1918,0.0046899,0.065848,3.9299e-05
1919,0.0052739,0.071999,-9.5032e-05
1920,0.0058429,0.078385,-7.6375e-05
1921,0.0064756,0.084798,2.0642e-05
1922,0.0070596,0.091531,-8.0106e-05
1923,0.0077634,0.098179,7.6613e-05
1924,0.0085159,0.10486,9.527e-05
1925,0.009171,0.11167,-1.6672e-05
1926,0.0098074,0.11847,8.0344e-05
1927,0.010631,0.12541,7.6613e-05
1928,0.011458,0.13214,5.716e-06
1929,0.01211,0.13877,7.2881e-05
1930,0.01278,0.14553,6.5418e-05
1931,0.013454,0.15213,-2.7867e-05
1932,0.014154,0.15859,5.0493e-05
1933,0.014846,0.16499,0.00010646
1934,0.015509,0.17105,3.1836e-05
1935,0.016112,0.17693,-5.7718e-05
1936,0.016726,0.18284,-3.5329e-05
1937,0.017287,0.18834,-3.1598e-05
1938,0.017781,0.19353,-5.0255e-05
1939,0.01853,0.1986,0.00017736
1940,0.019039,0.20338,0.00030423
1941,0.019428,0.2076,0.00021094
1942,0.020009,0.21133,0.00024453
1943,0.020271,0.21518,0.0003602
1944,0.020735,0.21847,0.00023333
1945,0.021177,0.22147,0.0001699
1946,0.021356,0.22439,0.00033408
1947,0.021776,0.22667,0.00028557
1948,0.021907,0.22911,0.00025945
1949,0.02215,0.23122,0.00023706
1950,0.022438,0.23286,0.0001102
1951,0.022431,0.23452,0.00028557
1952,0.022745,0.23605,0.00026691
1953,0.023026,0.23761,1.691e-05
1954,0.023138,0.23896,9.527e-05
1955,0.023318,0.2402,0.00016617
1956,0.023569,0.24168,0.00024079
1957,0.023767,0.24312,0.00014378
1958,0.023872,0.24422,-1.2941e-05
1959,0.023984,0.24514,0.00010273
1960,0.024134,0.24623,2.8104e-05
1961,0.024434,0.24733,3.9299e-05
1962,0.024613,0.24829,0.0001102
1963,0.024681,0.24947,-1.2941e-05
1964,0.024898,0.2507,-2.7867e-05
1965,0.025108,0.25172,0.00012512
1966,0.025295,0.25285,0.00021467
1967,0.025504,0.25393,7.2881e-05
1968,0.025796,0.25483,0.0001102
1969,0.025853,0.25566,0.00019602
1970,0.025856,0.25629,2.8104e-05
1971,0.026156,0.25696,2.0642e-05
1972,0.026257,0.25754,8.0344e-05
1973,0.026272,0.25786,-2.0404e-05
1974,0.026354,0.25796,-0.00015847
1975,0.026384,0.25787,-0.00014354
1976,0.026474,0.25783,3.5567e-05
1977,0.026579,0.25763,2.0642e-05
1978,0.026485,0.25733,-8.0106e-05
1979,0.026444,0.25701,-5.3986e-05
1980,0.026605,0.2564,-0.00010996
1981,0.026564,0.25577,-9.8763e-05
1982,0.026455,0.2548,-7.2643e-05
1983,0.026193,0.25318,-0.00022563
1984,0.026088,0.25137,-0.00018832
1985,0.02613,0.24935,-0.00018085
1986,0.025729,0.24715,-8.3838e-05
1987,0.025504,0.24477,5.4224e-05
1988,0.025328,0.24199,-0.00013608
1989,0.024868,0.23914,-4.6524e-05
1990,0.024509,0.23625,-6.1449e-05
1991,0.024089,0.233,-0.00024802
1992,0.023726,0.22958,-0.00022563
1993,0.023449,0.22619,-0.00011742
1994,0.022955,0.2225,-9.8763e-05
1995,0.022637,0.21853,-0.00024429
1996,0.0223,0.21439,-0.00012115
1997,0.021607,0.20994,-0.00019578
1998,0.021132,0.20533,-0.00033757
1999,0.02069,0.20059,-0.00015847
